--
-- DELETE FROM `phase_area` WHERE `AreaId`=6555 AND `PhaseId`=1686;
-- INSERT INTO `phase_area` (`AreaId`, `PhaseId`, `Comment`) VALUES (6555, 1686, 'Stormwind - 5.0 Phased Terrain Master');

-- DELETE FROM `conditions` WHERE `SourceTypeOrReferenceId`=26 AND `SourceGroup` IN (1686) AND `SourceEntry`=0;
-- INSERT INTO `conditions` (`SourceTypeOrReferenceId`, `SourceGroup`, `SourceEntry`, `SourceId`, `ElseGroup`, `ConditionTypeOrReference`, `ConditionTarget`, `ConditionValue1`, `ConditionValue2`, `ConditionValue3`, `NegativeCondition`, `ErrorType`, `ErrorTextId`, `ScriptName`, `Comment`) VALUES 
-- (26, 1686, 0, 0, 1, 15, 0, 1, 0, 0, 0, 0, 0, '', 'Phase 1686 in area 6555 if player '),

-- old creature 570539 - 570611
DELETE FROM `creature` WHERE `guid` BETWEEN 570539 AND 570611;
-- INSERT INTO `creature` (`guid`, `id`, `map`, `zoneId`, `areaId`, `spawnMask`, `phaseMask`, `phaseId`, `phaseGroup`, `modelid`, `equipment_id`, `position_x`, `position_y`, `position_z`, `orientation`, `spawntimesecs`, `spawntimesecs_max`, `wander_distance`, `currentwaypoint`, `curhealth`, `curmana`, `movement_type`, `npcflag`, `npcflag2`, `unit_flags`, `unit_flags2`, `dynamicflags`, `ScriptName`, `walk_mode`) VALUES 
-- (570541, 40789, 0, 1519, 6555, 1, 1, 1686, 0, 0, 0, -7915.59, 1261.06, 317.226, 2.03287, 120, 0, 0, 0, 1, 0, 0, 0, 0, 0, 0, 0, '', 0),
-- (570563, 40789, 0, 1519, 6555, 1, 1, 1686, 0, 0, 0, -7843.48, 1265.74, 309.335, 5.26435, 120, 0, 0, 0, 1, 0, 0, 0, 0, 0, 0, 0, '', 0),
-- (570584, 40789, 0, 1519, 6555, 1, 1, 1686, 0, 0, 0, -7880.45, 1331.93, 340.528, 1.56033, 120, 0, 0, 0, 1, 0, 0, 0, 0, 0, 0, 0, '', 0),
-- (570611, 40789, 0, 1519, 6555, 1, 1, 1686, 0, 0, 0, -7917.61, 1389.77, 303.496, 2.98015, 120, 0, 0, 0, 1, 0, 0, 0, 0, 0, 0, 0, '', 0),
-- (570589, 55370, 0, 1519, 6555, 1, 1, 1686, 0, 0, 0, -7881.21, 1328.65, 351.347, 0, 120, 0, 0, 0, 1, 0, 0, 0, 0, 0, 0, 0, '', 0),
-- (570549, 55819, 0, 1519, 6555, 1, 1, 1686, 0, 0, 0, -7886.45, 1278.3, 359.054, 5.19431, 120, 0, 0, 0, 1, 0, 0, 0, 0, 0, 0, 0, '', 0),
-- (570540, 55823, 0, 1519, 6555, 1, 1, 1686, 0, 0, 0, -7884.51, 1266.43, 359.059, 5.01145, 120, 0, 0, 0, 1, 0, 0, 0, 0, 0, 0, 0, '', 0),
-- (570542, 55825, 0, 1519, 6555, 1, 1, 1686, 0, 0, 0, -7883.68, 1263.53, 359.063, 2.05512, 120, 0, 0, 0, 1, 0, 0, 0, 0, 0, 0, 0, '', 0),
-- (570539, 55830, 0, 1519, 6555, 1, 1, 1686, 0, 0, 0, -7885.57, 1276.63, 359.057, 2.30356, 120, 0, 0, 0, 1, 0, 0, 0, 0, 0, 0, 0, '', 0),
-- (570544, 55832, 0, 1519, 6555, 1, 1, 1686, 0, 0, 0, -7882.62, 1265.51, 359.063, 3.66331, 120, 0, 0, 0, 1, 0, 0, 0, 0, 0, 0, 0, '', 0),
-- (570581, 64858, 0, 1519, 6555, 1, 1, 1686, 0, 0, 0, -7877.59, 1329.17, 339.358, 2.97156, 120, 0, 0, 0, 1, 0, 0, 0, 0, 0, 0, 0, '', 0),
-- (570596, 64859, 0, 1519, 6555, 1, 1, 1686, 0, 0, 0, -7880.61, 1347.09, 339.362, 1.57222, 120, 0, 0, 0, 1, 0, 0, 0, 0, 0, 0, 0, '', 0),
-- (570561, 64860, 0, 1519, 6555, 1, 1, 1686, 0, 0, 0, -7871.98, 1286.14, 342.224, 2.80739, 120, 0, 0, 0, 1, 0, 0, 0, 0, 0, 0, 0, '', 0),
-- (570555, 64861, 0, 1519, 6555, 1, 1, 1686, 0, 0, 0, -7887.71, 1286.34, 342.179, 1.76604, 120, 0, 0, 0, 1, 0, 0, 0, 0, 0, 0, 0, '', 0),
-- (570553, 64863, 0, 1519, 6555, 1, 1, 1686, 0, 0, 0, -7880.92, 1280.24, 359.055, 4.73861, 120, 0, 0, 0, 1, 0, 0, 0, 0, 0, 0, 0, '', 0),
-- (570590, 64864, 0, 1519, 6555, 1, 1, 1686, 0, 0, 0, -7877.44, 1341.37, 339.433, 3.08458, 120, 0, 0, 0, 1, 0, 0, 0, 0, 0, 0, 0, '', 0),
-- (570579, 64865, 0, 1519, 6555, 1, 1, 1686, 0, 0, 0, -7884.01, 1329.34, 339.36, 0.207194, 120, 0, 0, 0, 1, 0, 0, 0, 0, 0, 0, 0, '', 0),
-- (570548, 64866, 0, 1519, 6555, 1, 1, 1686, 0, 0, 0, -7878.92, 1280.26, 359.055, 4.7333, 120, 0, 0, 0, 1, 0, 0, 0, 0, 0, 0, 0, '', 0),
-- (570550, 66292, 0, 1519, 6555, 1, 1, 1686, 0, 0, 0, -7879.8, 1279.52, 359.055, 4.72882, 120, 0, 0, 0, 1, 0, 0, 0, 0, 0, 0, 0, '', 0),
-- (570543, 66300, 0, 1519, 6555, 1, 1, 1686, 0, 0, 0, -7925.91, 1276, 344.002, 0.126102, 120, 0, 0, 0, 1, 0, 0, 0, 0, 0, 0, 0, '', 0),
-- (570545, 66300, 0, 1519, 6555, 1, 1, 1686, 0, 0, 0, -7888.03, 1261.61, 359.053, 0.0889011, 120, 0, 0, 0, 1, 0, 0, 0, 0, 0, 0, 0, '', 0),
-- (570546, 66300, 0, 1519, 6555, 1, 1, 1686, 0, 0, 0, -7872.07, 1261.82, 359.047, 3.19396, 120, 0, 0, 0, 1, 0, 0, 0, 0, 0, 0, 0, '', 0),
-- (570547, 66300, 0, 1519, 6555, 1, 1, 1686, 0, 0, 0, -7910.21, 1280.44, 343.929, 3.57947, 120, 0, 0, 0, 1, 0, 0, 0, 0, 0, 0, 0, '', 0),
-- (570551, 66300, 0, 1519, 6555, 1, 1, 1686, 0, 0, 0, -7872.69, 1282.88, 359.051, 3.08068, 120, 0, 0, 0, 1, 0, 0, 0, 0, 0, 0, 0, '', 0),
-- (570556, 66300, 0, 1519, 6555, 1, 1, 1686, 0, 0, 0, -7885.13, 1315.39, 339.438, 0.0183194, 120, 0, 0, 0, 1, 0, 0, 0, 0, 0, 0, 0, '', 0),
-- (570558, 66300, 0, 1519, 6555, 1, 1, 1686, 0, 0, 0, -7887.37, 1282.55, 359.056, 6.19046, 120, 0, 0, 0, 1, 0, 0, 0, 0, 0, 0, 0, '', 0),
-- (570562, 66300, 0, 1519, 6555, 1, 1, 1686, 0, 0, 0, -7869.04, 1272.94, 359.311, 3.13211, 120, 0, 0, 0, 1, 0, 0, 0, 0, 0, 0, 0, '', 0),
-- (570564, 66300, 0, 1519, 6555, 1, 1, 1686, 0, 0, 0, -7883.42, 1315.39, 339.389, 0.0183194, 120, 0, 0, 0, 1, 0, 0, 0, 0, 0, 0, 0, '', 0),
-- (570565, 66300, 0, 1519, 6555, 1, 1, 1686, 0, 0, 0, -7885.17, 1317.52, 339.375, 0.0183194, 120, 0, 0, 0, 1, 0, 0, 0, 0, 0, 0, 0, '', 0),
-- (570566, 66300, 0, 1519, 6555, 1, 1, 1686, 0, 0, 0, -7883.45, 1317.52, 339.372, 0.0183194, 120, 0, 0, 0, 1, 0, 0, 0, 0, 0, 0, 0, '', 0),
-- (570567, 66300, 0, 1519, 6555, 1, 1, 1686, 0, 0, 0, -7885.15, 1319.56, 339.374, 0.0183194, 120, 0, 0, 0, 1, 0, 0, 0, 0, 0, 0, 0, '', 0),
-- (570568, 66300, 0, 1519, 6555, 1, 1, 1686, 0, 0, 0, -7883.43, 1319.55, 339.372, 0.0183194, 120, 0, 0, 0, 1, 0, 0, 0, 0, 0, 0, 0, '', 0),
-- (570569, 66300, 0, 1519, 6555, 1, 1, 1686, 0, 0, 0, -7877.22, 1315.36, 339.368, 3.1612, 120, 0, 0, 0, 1, 0, 0, 0, 0, 0, 0, 0, '', 0),
-- (570571, 66300, 0, 1519, 6555, 1, 1, 1686, 0, 0, 0, -7875.5, 1315.35, 339.365, 3.1612, 120, 0, 0, 0, 1, 0, 0, 0, 0, 0, 0, 0, '', 0),
-- (570573, 66300, 0, 1519, 6555, 1, 1, 1686, 0, 0, 0, -7877.3, 1317.38, 339.362, 3.1612, 120, 0, 0, 0, 1, 0, 0, 0, 0, 0, 0, 0, '', 0),
-- (570574, 66300, 0, 1519, 6555, 1, 1, 1686, 0, 0, 0, -7875.58, 1317.38, 339.36, 3.1612, 120, 0, 0, 0, 1, 0, 0, 0, 0, 0, 0, 0, '', 0),
-- (570575, 66300, 0, 1519, 6555, 1, 1, 1686, 0, 0, 0, -7877.35, 1319.44, 339.361, 3.1612, 120, 0, 0, 0, 1, 0, 0, 0, 0, 0, 0, 0, '', 0),
-- (570576, 66300, 0, 1519, 6555, 1, 1, 1686, 0, 0, 0, -7875.64, 1319.44, 339.358, 3.1612, 120, 0, 0, 0, 1, 0, 0, 0, 0, 0, 0, 0, '', 0),
-- (570592, 66300, 0, 1519, 6555, 1, 1, 1686, 0, 0, 0, -7835.6, 1277, 343.997, 3.14393, 120, 0, 0, 0, 1, 0, 0, 0, 0, 0, 0, 0, '', 0),
-- (570593, 66300, 0, 1519, 6555, 1, 1, 1686, 0, 0, 0, -7885.19, 1347.03, 339.434, 0.0183194, 120, 0, 0, 0, 1, 0, 0, 0, 0, 0, 0, 0, '', 0),
-- (570595, 66300, 0, 1519, 6555, 1, 1, 1686, 0, 0, 0, -7883.48, 1347.02, 339.433, 0.0183194, 120, 0, 0, 0, 1, 0, 0, 0, 0, 0, 0, 0, '', 0),
-- (570597, 66300, 0, 1519, 6555, 1, 1, 1686, 0, 0, 0, -7885.25, 1349.09, 339.434, 0.0183194, 120, 0, 0, 0, 1, 0, 0, 0, 0, 0, 0, 0, '', 0),
-- (570599, 66300, 0, 1519, 6555, 1, 1, 1686, 0, 0, 0, -7883.53, 1349.09, 339.432, 0.0183194, 120, 0, 0, 0, 1, 0, 0, 0, 0, 0, 0, 0, '', 0),
-- (570600, 66300, 0, 1519, 6555, 1, 1, 1686, 0, 0, 0, -7877.39, 1346.91, 339.419, 3.1612, 120, 0, 0, 0, 1, 0, 0, 0, 0, 0, 0, 0, '', 0),
-- (570601, 66300, 0, 1519, 6555, 1, 1, 1686, 0, 0, 0, -7885.33, 1351.11, 339.423, 0.0183194, 120, 0, 0, 0, 1, 0, 0, 0, 0, 0, 0, 0, '', 0),
-- (570603, 66300, 0, 1519, 6555, 1, 1, 1686, 0, 0, 0, -7875.67, 1346.91, 339.433, 3.1612, 120, 0, 0, 0, 1, 0, 0, 0, 0, 0, 0, 0, '', 0),
-- (570604, 66300, 0, 1519, 6555, 1, 1, 1686, 0, 0, 0, -7877.41, 1351.08, 339.434, 3.1612, 120, 0, 0, 0, 1, 0, 0, 0, 0, 0, 0, 0, '', 0),
-- (570605, 66300, 0, 1519, 6555, 1, 1, 1686, 0, 0, 0, -7875.69, 1351.07, 339.433, 3.1612, 120, 0, 0, 0, 1, 0, 0, 0, 0, 0, 0, 0, '', 0),
-- (570606, 66300, 0, 1519, 6555, 1, 1, 1686, 0, 0, 0, -7875.65, 1348.94, 339.433, 3.1612, 120, 0, 0, 0, 1, 0, 0, 0, 0, 0, 0, 0, '', 0),
-- (570607, 66300, 0, 1519, 6555, 1, 1, 1686, 0, 0, 0, -7877.38, 1348.94, 339.434, 3.1612, 120, 0, 0, 0, 1, 0, 0, 0, 0, 0, 0, 0, '', 0),
-- (570608, 66300, 0, 1519, 6555, 1, 1, 1686, 0, 0, 0, -7883.61, 1351.11, 339.437, 0.0183194, 120, 0, 0, 0, 1, 0, 0, 0, 0, 0, 0, 0, '', 0),
-- (570577, 66460, 0, 1519, 6555, 1, 1, 1686, 0, 0, 0, -7885.14, 1327.73, 339.363, 0.113754, 120, 0, 0, 0, 1, 0, 0, 0, 0, 0, 0, 0, '', 0),
-- (570578, 66460, 0, 1519, 6555, 1, 1, 1686, 0, 0, 0, -7885.55, 1330.13, 339.359, 0.188897, 120, 0, 0, 0, 1, 0, 0, 0, 0, 0, 0, 0, '', 0),
-- (570582, 66460, 0, 1519, 6555, 1, 1, 1686, 0, 0, 0, -7875.78, 1328.08, 339.358, 2.9861, 120, 0, 0, 0, 1, 0, 0, 0, 0, 0, 0, 0, '', 0),
-- (570583, 66460, 0, 1519, 6555, 1, 1, 1686, 0, 0, 0, -7875.73, 1330.12, 339.358, 3.06502, 120, 0, 0, 0, 1, 0, 0, 0, 0, 0, 0, 0, '', 0),
-- (570587, 66460, 0, 1519, 6555, 1, 1, 1686, 0, 0, 0, -7885.12, 1339.75, 339.359, 6.27965, 120, 0, 0, 0, 1, 0, 0, 0, 0, 0, 0, 0, '', 0),
-- (570588, 66460, 0, 1519, 6555, 1, 1, 1686, 0, 0, 0, -7885.26, 1342.18, 339.438, 0.0716081, 120, 0, 0, 0, 1, 0, 0, 0, 0, 0, 0, 0, '', 0),
-- (570591, 66460, 0, 1519, 6555, 1, 1, 1686, 0, 0, 0, -7875.72, 1340.41, 339.426, 3.05843, 120, 0, 0, 0, 1, 0, 0, 0, 0, 0, 0, 0, '', 0),
-- (570594, 66460, 0, 1519, 6555, 1, 1, 1686, 0, 0, 0, -7875.82, 1342.45, 339.426, 3.13735, 120, 0, 0, 0, 1, 0, 0, 0, 0, 0, 0, 0, '', 0),
-- (570557, 66473, 0, 1519, 6555, 1, 1, 1686, 0, 0, 0, -7893.86, 1306.31, 339.465, 2.20691, 120, 0, 0, 0, 1, 0, 0, 0, 0, 0, 0, 0, '', 0),
-- (570560, 66473, 0, 1519, 6555, 1, 1, 1686, 0, 0, 0, -7894.15, 1317.89, 339.465, 2.20691, 120, 0, 0, 0, 1, 0, 0, 0, 0, 0, 0, 0, '', 0),
-- (570572, 66473, 0, 1519, 6555, 1, 1, 1686, 0, 0, 0, -7866.56, 1306.53, 339.465, 0.826461, 120, 0, 0, 0, 1, 0, 0, 0, 0, 0, 0, 0, '', 0),
-- (570580, 66473, 0, 1519, 6555, 1, 1, 1686, 0, 0, 0, -7866.8, 1318.09, 339.465, 0.826461, 120, 0, 0, 0, 1, 0, 0, 0, 0, 0, 0, 0, '', 0),
-- (570585, 66473, 0, 1519, 6555, 1, 1, 1686, 0, 0, 0, -7894.04, 1341.65, 339.465, 2.20691, 120, 0, 0, 0, 1, 0, 0, 0, 0, 0, 0, 0, '', 0),
-- (570586, 66473, 0, 1519, 6555, 1, 1, 1686, 0, 0, 0, -7867.07, 1328.11, 339.465, 0.826461, 120, 0, 0, 0, 1, 0, 0, 0, 0, 0, 0, 0, '', 0),
-- (570609, 66473, 0, 1519, 6555, 1, 1, 1686, 0, 0, 0, -7867.33, 1341.94, 339.465, 0.826461, 120, 0, 0, 0, 1, 0, 0, 0, 0, 0, 0, 0, '', 0),
-- (570552, 66480, 0, 1519, 6555, 1, 1, 1686, 0, 0, 0, -7873.55, 1287.45, 342.261, 1.13404, 120, 0, 0, 0, 1, 0, 0, 0, 0, 0, 0, 0, '', 0),
-- (570554, 66480, 0, 1519, 6555, 1, 1, 1686, 0, 0, 0, -7872.37, 1303.06, 339.761, 2.0365, 120, 0, 0, 0, 1, 0, 0, 0, 0, 0, 0, 0, '', 0),
-- (570559, 66480, 0, 1519, 6555, 1, 1, 1686, 0, 0, 0, -7872.8, 1304.17, 339.718, 4.73768, 120, 0, 0, 0, 1, 0, 0, 0, 0, 0, 0, 0, '', 0),
-- (570570, 66480, 0, 1519, 6555, 1, 1, 1686, 0, 0, 0, -7898.24, 1328.28, 339.262, 1.57, 120, 0, 0, 0, 1, 0, 0, 0, 0, 0, 0, 0, '', 0),
-- (570598, 66480, 0, 1519, 6555, 1, 1, 1686, 0, 0, 0, -7893.82, 1352.99, 339.402, 1.61052, 120, 0, 0, 0, 1, 0, 0, 0, 0, 0, 0, 0, '', 0),
-- (570602, 66480, 0, 1519, 6555, 1, 1, 1686, 0, 0, 0, -7892.85, 1356.23, 339.379, 3.19125, 120, 0, 0, 0, 1, 0, 0, 0, 0, 0, 0, 0, '', 0),
-- (570610, 66480, 0, 1519, 6555, 1, 1, 1686, 0, 0, 0, -7863.54, 1340.87, 339.322, 4.77982, 120, 0, 0, 0, 1, 0, 0, 0, 0, 0, 0, 0, '', 0);

-- new creature 
SET @CGUID:=4000000;
DELETE FROM `creature` WHERE `guid` BETWEEN @CGUID+0 AND @CGUID+77;
INSERT INTO `creature` (`guid`, `id`, `map`, `zoneId`, `areaId`, `spawnMask`, `PhaseId`, `PhaseGroup`, `modelid`, `equipment_id`, `position_x`, `position_y`, `position_z`, `orientation`, `spawntimesecs`, `wander_distance`, `currentwaypoint`, `curhealth`, `curmana`, `MovementType`, `npcflag`, `unit_flags`, `unit_flags2`, `dynamicflags`, `VerifiedBuild`) VALUES
(@CGUID+0, 66480, 0, 1519, 6555, 1, 1686, 0, 0, 0, -7873.548828125, 1287.454833984375, 341.7664794921875, 1.134044289588928222, 120, 0, 0, 2854, 0, 0, 0, 0, 0, 0, 55261), -- Skyfire Engineer (Area: Northern Elwynn Mountains - Difficulty: 0) CreateObject1
(@CGUID+1, 66460, 0, 1519, 6555, 1, 1686, 0, 0, 0, -7885.12158203125, 1339.751708984375, 338.94195556640625, 6.279649734497070312, 120, 0, 0, 8562, 0, 0, 0, 0, 0, 0, 55261), -- Skyfire Gyrocopter Pilot (Area: Northern Elwynn Mountains - Difficulty: 0) CreateObject1
(@CGUID+2, 66480, 0, 1519, 6555, 1, 1686, 0, 0, 0, -7896.697265625, 1353.548095703125, 338.84442138671875, 4.525454998016357421, 120, 0, 0, 2854, 0, 0, 0, 0, 0, 0, 55261), -- Skyfire Engineer (Area: Northern Elwynn Mountains - Difficulty: 0) CreateObject1
(@CGUID+3, 64865, 0, 1519, 6555, 1, 1686, 0, 0, 0, -7884.00537109375, 1329.3385009765625, 338.943206787109375, 0.207194462418556213, 120, 0, 0, 14270, 0, 0, 0, 0, 0, 0, 55261), -- Airman Rogers (Area: Northern Elwynn Mountains - Difficulty: 0) CreateObject1
(@CGUID+4, 40789, 0, 1519, 6555, 1, 1686, 0, 0, 0, -7880.4501953125, 1331.9300537109375, 340.028350830078125, 1.56033480167388916, 120, 0, 0, 112919, 0, 0, 0, 0, 0, 0, 55261), -- Generic Controller Bunny (CSA) (Area: Northern Elwynn Mountains - Difficulty: 0) CreateObject1 (Auras: 132223 - FX_AllianceGunship_Idle_Main_Loop)
(@CGUID+5, 66292, 0, 1519, 6555, 1, 1686, 0, 0, 0, -7879.80029296875, 1279.515625, 358.560516357421875, 4.728822231292724609, 120, 0, 0, 112919, 0, 0, 0, 0, 0, 0, 55261), -- Sky Admiral Rogers (Area: Northern Elwynn Mountains - Difficulty: 0) CreateObject1
(@CGUID+6, 66480, 0, 1519, 6555, 1, 1686, 0, 0, 0, -7872.8037109375, 1304.171875, 339.23492431640625, 4.737676620483398437, 120, 0, 0, 2854, 0, 0, 0, 0, 0, 0, 55261), -- Skyfire Engineer (Area: Northern Elwynn Mountains - Difficulty: 0) CreateObject1
(@CGUID+7, 64861, 0, 1519, 6555, 1, 1686, 0, 0, 0, -7887.7099609375, 1286.3350830078125, 341.642608642578125, 1.766041874885559082, 120, 0, 0, 14270, 0, 0, 0, 0, 0, 0, 55261), -- Captain Day (Area: Northern Elwynn Mountains - Difficulty: 0) CreateObject1
(@CGUID+8, 66460, 0, 1519, 6555, 1, 1686, 0, 0, 0, -7885.13720703125, 1327.7274169921875, 338.945404052734375, 0.113753728568553924, 120, 0, 0, 8562, 0, 0, 0, 0, 0, 0, 55261), -- Skyfire Gyrocopter Pilot (Area: Northern Elwynn Mountains - Difficulty: 0) CreateObject1
(@CGUID+9, 66480, 0, 1519, 6555, 1, 1686, 0, 0, 0, -7893.82275390625, 1352.9947509765625, 338.914794921875, 1.610516309738159179, 120, 0, 0, 2854, 0, 0, 0, 0, 0, 0, 55261), -- Skyfire Engineer (Area: Northern Elwynn Mountains - Difficulty: 0) CreateObject1
(@CGUID+10, 64866, 0, 1519, 6555, 1, 1686, 0, 0, 0, -7878.921875, 1280.26220703125, 358.559600830078125, 4.733302116394042968, 120, 0, 0, 14270, 0, 0, 0, 0, 0, 0, 55261), -- Corporal Rasmussen (Area: Northern Elwynn Mountains - Difficulty: 0) CreateObject1
(@CGUID+11, 66300, 0, 1519, 6555, 1, 1686, 0, 0, 0, -7885.251953125, 1349.09033203125, 338.946044921875, 0.018319351598620414, 120, 0, 0, 8562, 0, 0, 0, 0, 0, 0, 55261), -- Skyfire Marine (Area: Northern Elwynn Mountains - Difficulty: 0) CreateObject1
(@CGUID+12, 55825, 0, 1519, 6555, 1, 1686, 0, 0, 0, -7883.6787109375, 1263.5260009765625, 358.571624755859375, 2.055117130279541015, 120, 0, 0, 2854, 100, 0, 0, 0, 0, 0, 55261), -- Amber Kearnen (Area: Northern Elwynn Mountains - Difficulty: 0) CreateObject1 (Auras: 131904 - Kearnen's Sniper Rifle)
(@CGUID+13, 66300, 0, 1519, 6555, 1, 1686, 0, 0, 0, -7921.798828125, 1273.421875, 343.420989990234375, 3.069559097290039062, 120, 0, 0, 8562, 0, 0, 0, 0, 0, 0, 55261), -- Skyfire Marine (Area: Northern Elwynn Mountains - Difficulty: 0) CreateObject1
(@CGUID+14, 66473, 0, 1519, 6555, 1, 1686, 0, 0, 0, -7894.1494140625, 1317.888916015625, 338.965118408203125, 2.206909894943237304, 120, 0, 0, 28540, 0, 0, 0, 0, 0, 0, 55261), -- Skyfire Gyrocopter (Area: Northern Elwynn Mountains - Difficulty: 0) CreateObject1
(@CGUID+15, 66300, 0, 1519, 6555, 1, 1686, 0, 0, 0, -7883.53125, 1349.0885009765625, 338.94482421875, 0.018319351598620414, 120, 0, 0, 8562, 0, 0, 0, 0, 0, 0, 55261), -- Skyfire Marine (Area: Northern Elwynn Mountains - Difficulty: 0) CreateObject1
(@CGUID+16, 66473, 0, 1519, 6555, 1, 1686, 0, 0, 0, -7894.0380859375, 1341.6475830078125, 338.965118408203125, 2.206909894943237304, 120, 0, 0, 28540, 0, 0, 0, 0, 0, 0, 55261), -- Skyfire Gyrocopter (Area: Northern Elwynn Mountains - Difficulty: 0) CreateObject1
(@CGUID+17, 66300, 0, 1519, 6555, 1, 1686, 0, 0, 0, -7872.69091796875, 1282.875, 358.55609130859375, 3.080678701400756835, 120, 0, 0, 8562, 0, 0, 0, 0, 0, 0, 55261), -- Skyfire Marine (Area: Northern Elwynn Mountains - Difficulty: 0) CreateObject1
(@CGUID+18, 66300, 0, 1519, 6555, 1, 1686, 0, 0, 0, -7885.32666015625, 1351.1146240234375, 338.94525146484375, 0.018319351598620414, 120, 0, 0, 8562, 0, 0, 0, 0, 0, 0, 55261), -- Skyfire Marine (Area: Northern Elwynn Mountains - Difficulty: 0) CreateObject1
(@CGUID+19, 55832, 0, 1519, 6555, 1, 1686, 0, 0, 0, -7882.61962890625, 1265.5086669921875, 358.571319580078125, 3.663313865661621093, 120, 0, 0, 2854, 100, 0, 0, 0, 0, 0, 55261), -- Nodd Codejack (Area: Northern Elwynn Mountains - Difficulty: 0) CreateObject1
(@CGUID+20, 55819, 0, 1519, 6555, 1, 1686, 0, 0, 0, -7886.45166015625, 1278.298583984375, 358.559478759765625, 5.19431304931640625, 120, 0, 0, 2854, 0, 0, 0, 0, 0, 0, 55261), -- Sully "The Pickle" McLeary (Area: Northern Elwynn Mountains - Difficulty: 0) CreateObject1
(@CGUID+21, 66300, 0, 1519, 6555, 1, 1686, 0, 0, 0, -7877.35400390625, 1319.4410400390625, 338.943389892578125, 3.16120314598083496, 120, 0, 0, 8562, 0, 0, 0, 0, 0, 0, 55261), -- Skyfire Marine (Area: Northern Elwynn Mountains - Difficulty: 0) CreateObject1
(@CGUID+22, 66300, 0, 1519, 6555, 1, 1686, 0, 0, 0, -7875.67041015625, 1346.9114990234375, 338.939697265625, 3.16120314598083496, 120, 0, 0, 8562, 0, 0, 0, 0, 0, 0, 55261), -- Skyfire Marine (Area: Northern Elwynn Mountains - Difficulty: 0) CreateObject1
(@CGUID+23, 66473, 0, 1519, 6555, 1, 1686, 0, 0, 0, -7867.330078125, 1341.9444580078125, 338.965118408203125, 0.826461434364318847, 120, 0, 0, 28540, 0, 0, 0, 0, 0, 0, 55261), -- Skyfire Gyrocopter (Area: Northern Elwynn Mountains - Difficulty: 0) CreateObject1
(@CGUID+24, 66300, 0, 1519, 6555, 1, 1686, 0, 0, 0, -7924.33154296875, 1276.03125, 343.4189453125, 3.148760318756103515, 120, 0, 0, 8562, 0, 0, 0, 0, 0, 0, 55261), -- Skyfire Marine (Area: Northern Elwynn Mountains - Difficulty: 0) CreateObject1
(@CGUID+25, 66300, 0, 1519, 6555, 1, 1686, 0, 0, 0, -7883.47900390625, 1347.0225830078125, 338.9453125, 0.018319351598620414, 120, 0, 0, 8562, 0, 0, 0, 0, 0, 0, 55261), -- Skyfire Marine (Area: Northern Elwynn Mountains - Difficulty: 0) CreateObject1
(@CGUID+26, 66300, 0, 1519, 6555, 1, 1686, 0, 0, 0, -7877.38525390625, 1346.9114990234375, 338.94091796875, 3.16120314598083496, 120, 0, 0, 8562, 0, 0, 0, 0, 0, 0, 55261), -- Skyfire Marine (Area: Northern Elwynn Mountains - Difficulty: 0) CreateObject1
(@CGUID+27, 66300, 0, 1519, 6555, 1, 1686, 0, 0, 0, -7872.0625, 1261.82470703125, 358.56201171875, 3.193963050842285156, 120, 0, 0, 8562, 0, 0, 0, 0, 0, 0, 55261), -- Skyfire Marine (Area: Northern Elwynn Mountains - Difficulty: 0) CreateObject1
(@CGUID+28, 66300, 0, 1519, 6555, 1, 1686, 0, 0, 0, -7885.173828125, 1317.5225830078125, 338.954833984375, 0.018319351598620414, 120, 0, 0, 8562, 0, 0, 0, 0, 0, 0, 55261), -- Skyfire Marine (Area: Northern Elwynn Mountains - Difficulty: 0) CreateObject1
(@CGUID+29, 66300, 0, 1519, 6555, 1, 1686, 0, 0, 0, -7885.15087890625, 1319.5555419921875, 338.954254150390625, 0.018319351598620414, 120, 0, 0, 8562, 0, 0, 0, 0, 0, 0, 55261), -- Skyfire Marine (Area: Northern Elwynn Mountains - Difficulty: 0) CreateObject1
(@CGUID+30, 32520, 0, 1519, 6555, 1, 1686, 0, 0, 0, -8290.09375, 1388.640625, 30.0042724609375, 0, 120, 0, 0, 112919, 0, 0, 0, 0, 0, 0, 55261), -- Totally Generic Bunny (All Phase) (Area: Northern Elwynn Mountains - Difficulty: 0) CreateObject1 - !!! already present in database !!!
(@CGUID+31, 66300, 0, 1519, 6555, 1, 1686, 0, 0, 0, -7877.376953125, 1348.9444580078125, 338.94097900390625, 3.16120314598083496, 120, 0, 0, 8562, 0, 0, 0, 0, 0, 0, 55261), -- Skyfire Marine (Area: Northern Elwynn Mountains - Difficulty: 0) CreateObject1
(@CGUID+32, 66300, 0, 1519, 6555, 1, 1686, 0, 0, 0, -7877.41162109375, 1351.078125, 338.941009521484375, 3.16120314598083496, 120, 0, 0, 8562, 0, 0, 0, 0, 0, 0, 55261), -- Skyfire Marine (Area: Northern Elwynn Mountains - Difficulty: 0) CreateObject1
(@CGUID+33, 66300, 0, 1519, 6555, 1, 1686, 0, 0, 0, -7877.21875, 1315.35595703125, 338.9473876953125, 3.16120314598083496, 120, 0, 0, 8562, 0, 0, 0, 0, 0, 0, 55261), -- Skyfire Marine (Area: Northern Elwynn Mountains - Difficulty: 0) CreateObject1
(@CGUID+34, 64863, 0, 1519, 6555, 1, 1686, 0, 0, 0, -7880.923828125, 1280.2430419921875, 358.5596923828125, 4.738608360290527343, 120, 0, 0, 14270, 0, 0, 0, 0, 0, 0, 55261), -- Sky Mage Harlan (Area: Northern Elwynn Mountains - Difficulty: 0) CreateObject1
(@CGUID+35, 66300, 0, 1519, 6555, 1, 1686, 0, 0, 0, -7877.29541015625, 1317.3802490234375, 338.945159912109375, 3.16120314598083496, 120, 0, 0, 8562, 0, 0, 0, 0, 0, 0, 55261), -- Skyfire Marine (Area: Northern Elwynn Mountains - Difficulty: 0) CreateObject1
(@CGUID+36, 66300, 0, 1519, 6555, 1, 1686, 0, 0, 0, -7885.1943359375, 1347.032958984375, 338.946533203125, 0.018319351598620414, 120, 0, 0, 8562, 0, 0, 0, 0, 0, 0, 55261), -- Skyfire Marine (Area: Northern Elwynn Mountains - Difficulty: 0) CreateObject1
(@CGUID+37, 66460, 0, 1519, 6555, 1, 1686, 0, 0, 0, -7875.72900390625, 1330.123291015625, 338.940185546875, 3.065017223358154296, 120, 0, 0, 8562, 0, 0, 0, 0, 0, 0, 55261), -- Skyfire Gyrocopter Pilot (Area: Northern Elwynn Mountains - Difficulty: 0) CreateObject1
(@CGUID+38, 55370, 0, 1519, 6555, 1, 1686, 0, 0, 0, -7881.20849609375, 1328.6510009765625, 350.846588134765625, 0, 120, 0, 0, 112919, 3155, 0, 0, 0, 0, 0, 55261), -- General Purpose Bunny ZTO (Area: Northern Elwynn Mountains - Difficulty: 0) CreateObject1 (Auras: 130860 - Skyfire Defense Patrols)
(@CGUID+39, 40789, 0, 1519, 6555, 1, 1686, 0, 0, 0, -7843.47998046875, 1265.739990234375, 308.835357666015625, 5.26434946060180664, 120, 0, 0, 112919, 0, 0, 0, 0, 0, 0, 55261), -- Generic Controller Bunny (CSA) (Area: Northern Elwynn Mountains - Difficulty: 0) CreateObject1 (Auras: 132221 - FX_Uni_Zeppelin_Propeller_Blades_Loop)
(@CGUID+40, 66460, 0, 1519, 6555, 1, 1686, 0, 0, 0, -7875.78125, 1328.0816650390625, 338.941009521484375, 2.986098051071166992, 120, 0, 0, 8562, 0, 0, 0, 0, 0, 0, 55261), -- Skyfire Gyrocopter Pilot (Area: Northern Elwynn Mountains - Difficulty: 0) CreateObject1
(@CGUID+41, 66480, 0, 1519, 6555, 1, 1686, 0, 0, 0, -7892.84716796875, 1356.23095703125, 338.885986328125, 3.191249370574951171, 120, 0, 0, 2854, 0, 0, 0, 0, 0, 0, 55261), -- Skyfire Engineer (Area: Northern Elwynn Mountains - Difficulty: 0) CreateObject1
(@CGUID+42, 66460, 0, 1519, 6555, 1, 1686, 0, 0, 0, -7885.5537109375, 1330.1285400390625, 338.9423828125, 0.188897475600242614, 120, 0, 0, 8562, 0, 0, 0, 0, 0, 0, 55261), -- Skyfire Gyrocopter Pilot (Area: Northern Elwynn Mountains - Difficulty: 0) CreateObject1
(@CGUID+43, 66460, 0, 1519, 6555, 1, 1686, 0, 0, 0, -7875.71875, 1340.4132080078125, 338.938934326171875, 3.058433771133422851, 120, 0, 0, 8562, 0, 0, 0, 0, 0, 0, 55261), -- Skyfire Gyrocopter Pilot (Area: Northern Elwynn Mountains - Difficulty: 0) CreateObject1
(@CGUID+44, 66460, 0, 1519, 6555, 1, 1686, 0, 0, 0, -7885.26220703125, 1342.1822509765625, 338.943603515625, 0.071608141064643859, 120, 0, 0, 8562, 0, 0, 0, 0, 0, 0, 55261), -- Skyfire Gyrocopter Pilot (Area: Northern Elwynn Mountains - Difficulty: 0) CreateObject1
(@CGUID+45, 66460, 0, 1519, 6555, 1, 1686, 0, 0, 0, -7875.81591796875, 1342.451416015625, 338.938934326171875, 3.137352943420410156, 120, 0, 0, 8562, 0, 0, 0, 0, 0, 0, 55261), -- Skyfire Gyrocopter Pilot (Area: Northern Elwynn Mountains - Difficulty: 0) CreateObject1
(@CGUID+46, 66473, 0, 1519, 6555, 1, 1686, 0, 0, 0, -7894.15478515625, 1327.890625, 338.965118408203125, 2.206909894943237304, 120, 0, 0, 28540, 0, 0, 0, 0, 0, 0, 55261), -- Skyfire Gyrocopter (Area: Northern Elwynn Mountains - Difficulty: 0) CreateObject1
(@CGUID+47, 66473, 0, 1519, 6555, 1, 1686, 0, 0, 0, -7866.8037109375, 1318.0885009765625, 338.965118408203125, 0.826461434364318847, 120, 0, 0, 28540, 0, 0, 0, 0, 0, 0, 55261), -- Skyfire Gyrocopter (Area: Northern Elwynn Mountains - Difficulty: 0) CreateObject1
(@CGUID+48, 66300, 0, 1519, 6555, 1, 1686, 0, 0, 0, -7888.03466796875, 1261.607666015625, 358.561767578125, 0.088901109993457794, 120, 0, 0, 8562, 0, 0, 0, 0, 0, 0, 55261), -- Skyfire Marine (Area: Northern Elwynn Mountains - Difficulty: 0) CreateObject1
(@CGUID+49, 66300, 0, 1519, 6555, 1, 1686, 0, 0, 0, -7875.6474609375, 1348.9427490234375, 338.939727783203125, 3.16120314598083496, 120, 0, 0, 8562, 0, 0, 0, 0, 0, 0, 55261), -- Skyfire Marine (Area: Northern Elwynn Mountains - Difficulty: 0) CreateObject1
(@CGUID+50, 66300, 0, 1519, 6555, 1, 1686, 0, 0, 0, -7883.43408203125, 1319.5538330078125, 338.9517822265625, 0.018319351598620414, 120, 0, 0, 8562, 0, 0, 0, 0, 0, 0, 55261), -- Skyfire Marine (Area: Northern Elwynn Mountains - Difficulty: 0) CreateObject1
(@CGUID+51, 64858, 0, 1519, 6555, 1, 1686, 0, 0, 0, -7877.5869140625, 1329.173583984375, 338.940948486328125, 2.97155928611755371, 120, 0, 0, 14270, 0, 0, 0, 0, 0, 0, 55261), -- Airman Hicks (Area: Northern Elwynn Mountains - Difficulty: 0) CreateObject1
(@CGUID+52, 66300, 0, 1519, 6555, 1, 1686, 0, 0, 0, -7887.3681640625, 1282.5538330078125, 358.55633544921875, 6.190460205078125, 120, 0, 0, 8562, 0, 0, 0, 0, 0, 0, 55261), -- Skyfire Marine (Area: Northern Elwynn Mountains - Difficulty: 0) CreateObject1
(@CGUID+53, 66300, 0, 1519, 6555, 1, 1686, 0, 0, 0, -7925.9130859375, 1276.001708984375, 343.511077880859375, 0.126102268695831298, 120, 0, 0, 8562, 0, 0, 0, 0, 0, 0, 55261), -- Skyfire Marine (Area: Northern Elwynn Mountains - Difficulty: 0) CreateObject1
(@CGUID+54, 66473, 0, 1519, 6555, 1, 1686, 0, 0, 0, -7893.859375, 1306.3072509765625, 338.965118408203125, 2.206909894943237304, 120, 0, 0, 28540, 0, 0, 0, 0, 0, 0, 55261), -- Skyfire Gyrocopter (Area: Northern Elwynn Mountains - Difficulty: 0) CreateObject1
(@CGUID+55, 64862, 0, 1519, 6555, 1, 1686, 0, 0, 0, -7883.44970703125, 1340.9635009765625, 338.9415283203125, 0.084910094738006591, 120, 0, 0, 14270, 0, 0, 0, 0, 0, 0, 55261), -- Airman Ellis (Area: Northern Elwynn Mountains - Difficulty: 0) CreateObject1
(@CGUID+56, 66300, 0, 1519, 6555, 1, 1686, 0, 0, 0, -7875.6943359375, 1351.07470703125, 338.93975830078125, 3.16120314598083496, 120, 0, 0, 8562, 0, 0, 0, 0, 0, 0, 55261), -- Skyfire Marine (Area: Northern Elwynn Mountains - Difficulty: 0) CreateObject1
(@CGUID+57, 66473, 0, 1519, 6555, 1, 1686, 0, 0, 0, -7867.07275390625, 1328.107666015625, 338.965118408203125, 0.826461434364318847, 120, 0, 0, 28540, 0, 0, 0, 0, 0, 0, 55261), -- Skyfire Gyrocopter (Area: Northern Elwynn Mountains - Difficulty: 0) CreateObject1
(@CGUID+58, 66300, 0, 1519, 6555, 1, 1686, 0, 0, 0, -7883.60791015625, 1351.111083984375, 338.944122314453125, 0.018319351598620414, 120, 0, 0, 8562, 0, 0, 0, 0, 0, 0, 55261), -- Skyfire Marine (Area: Northern Elwynn Mountains - Difficulty: 0) CreateObject1
(@CGUID+59, 66300, 0, 1519, 6555, 1, 1686, 0, 0, 0, -7875.578125, 1317.3802490234375, 338.94268798828125, 3.16120314598083496, 120, 0, 0, 8562, 0, 0, 0, 0, 0, 0, 55261), -- Skyfire Marine (Area: Northern Elwynn Mountains - Difficulty: 0) CreateObject1
(@CGUID+60, 66300, 0, 1519, 6555, 1, 1686, 0, 0, 0, -7875.63525390625, 1319.435791015625, 338.94091796875, 3.16120314598083496, 120, 0, 0, 8562, 0, 0, 0, 0, 0, 0, 55261), -- Skyfire Marine (Area: Northern Elwynn Mountains - Difficulty: 0) CreateObject1
(@CGUID+61, 66300, 0, 1519, 6555, 1, 1686, 0, 0, 0, -7875.501953125, 1315.3524169921875, 338.944915771484375, 3.16120314598083496, 120, 0, 0, 8562, 0, 0, 0, 0, 0, 0, 55261), -- Skyfire Marine (Area: Northern Elwynn Mountains - Difficulty: 0) CreateObject1
(@CGUID+62, 66300, 0, 1519, 6555, 1, 1686, 0, 0, 0, -7883.4150390625, 1315.388916015625, 338.9522705078125, 0.018319351598620414, 120, 0, 0, 8562, 0, 0, 0, 0, 0, 0, 55261), -- Skyfire Marine (Area: Northern Elwynn Mountains - Difficulty: 0) CreateObject1
(@CGUID+63, 55823, 0, 1519, 6555, 1, 1686, 0, 0, 0, -7884.51220703125, 1266.4322509765625, 358.568023681640625, 5.011447429656982421, 120, 0, 0, 2854, 100, 0, 0, 0, 0, 0, 55261), -- Mishka (Area: Northern Elwynn Mountains - Difficulty: 0) CreateObject1
(@CGUID+64, 66300, 0, 1519, 6555, 1, 1686, 0, 0, 0, -7835.6005859375, 1276.99658203125, 343.510009765625, 3.143929243087768554, 120, 0, 0, 8562, 0, 0, 0, 0, 0, 0, 55261), -- Skyfire Marine (Area: Northern Elwynn Mountains - Difficulty: 0) CreateObject1
(@CGUID+65, 66300, 0, 1519, 6555, 1, 1686, 0, 0, 0, -7883.44970703125, 1317.5208740234375, 338.952301025390625, 0.018319351598620414, 120, 0, 0, 8562, 0, 0, 0, 0, 0, 0, 55261), -- Skyfire Marine (Area: Northern Elwynn Mountains - Difficulty: 0) CreateObject1
(@CGUID+66, 66473, 0, 1519, 6555, 1, 1686, 0, 0, 0, -7866.55908203125, 1306.532958984375, 338.965118408203125, 0.826461434364318847, 120, 0, 0, 28540, 0, 0, 0, 0, 0, 0, 55261), -- Skyfire Gyrocopter (Area: Northern Elwynn Mountains - Difficulty: 0) CreateObject1
(@CGUID+67, 64860, 0, 1519, 6555, 1, 1686, 0, 0, 0, -7871.9775390625, 1286.13720703125, 341.750457763671875, 2.807392597198486328, 120, 0, 0, 14270, 0, 0, 0, 0, 0, 0, 55261), -- Captain Kerwin (Area: Northern Elwynn Mountains - Difficulty: 0) CreateObject1
(@CGUID+68, 66300, 0, 1519, 6555, 1, 1686, 0, 0, 0, -7885.1337890625, 1315.392333984375, 338.95477294921875, 0.018319351598620414, 120, 0, 0, 8562, 0, 0, 0, 0, 0, 0, 55261), -- Skyfire Marine (Area: Northern Elwynn Mountains - Difficulty: 0) CreateObject1
(@CGUID+69, 64864, 0, 1519, 6555, 1, 1686, 0, 0, 0, -7877.4443359375, 1341.3697509765625, 338.93927001953125, 3.084580659866333007, 120, 0, 0, 14270, 0, 0, 0, 0, 0, 0, 55261), -- Airman Clifton (Area: Northern Elwynn Mountains - Difficulty: 0) CreateObject1
(@CGUID+70, 64859, 0, 1519, 6555, 1, 1686, 0, 0, 0, -7880.6240234375, 1353.932861328125, 338.838165283203125, 1.572238922119140625, 120, 0, 0, 14270, 0, 0, 0, 0, 0, 0, 55261), -- Sky Captain Callanan (Area: Northern Elwynn Mountains - Difficulty: 0) CreateObject1
(@CGUID+71, 32520, 0, 1519, 6555, 1, 1686, 0, 0, 0, -8680.671875, 730.748291015625, 159.0923919677734375, 0, 120, 0, 0, 112919, 0, 0, 0, 0, 0, 0, 55261), -- Totally Generic Bunny (All Phase) (Area: Northern Elwynn Mountains - Difficulty: 0) CreateObject1 - !!! already present in database !!!
(@CGUID+72, 40789, 0, 1519, 6555, 1, 1686, 0, 0, 0, -7915.58984375, 1261.06005859375, 316.726348876953125, 2.032872200012207031, 120, 0, 0, 112919, 0, 0, 0, 0, 0, 0, 55261), -- Generic Controller Bunny (CSA) (Area: Northern Elwynn Mountains - Difficulty: 0) CreateObject1 (Auras: 132221 - FX_Uni_Zeppelin_Propeller_Blades_Loop)
(@CGUID+73, 66480, 0, 1519, 6555, 1, 1686, 0, 0, 0, -7867.08984375, 1356.173095703125, 338.838043212890625, 5.118679046630859375, 120, 10, 0, 2854, 0, 1, 0, 0, 0, 0, 55261), -- Skyfire Engineer (Area: Northern Elwynn Mountains - Difficulty: 0) CreateObject1 (possible waypoints or random movement)
(@CGUID+74, 66480, 0, 1519, 6555, 1, 1686, 0, 0, 0, -7872.3662109375, 1303.05908203125, 339.27850341796875, 2.036499977111816406, 120, 0, 0, 2854, 0, 0, 0, 0, 0, 0, 55261), -- Skyfire Engineer (Area: Northern Elwynn Mountains - Difficulty: 0) CreateObject1
(@CGUID+75, 55830, 0, 1519, 6555, 1, 1686, 0, 0, 0, -7885.5712890625, 1276.6336669921875, 358.560791015625, 2.30356454849243164, 120, 0, 0, 2854, 100, 0, 0, 0, 0, 0, 55261), -- Nimm Codejack (Area: Northern Elwynn Mountains - Difficulty: 0) CreateObject1
(@CGUID+76, 40789, 0, 1519, 6555, 1, 1686, 0, 0, 0, -7917.60986328125, 1389.77001953125, 302.996337890625, 2.980149745941162109, 120, 0, 0, 112919, 0, 0, 0, 0, 0, 0, 55261), -- Generic Controller Bunny (CSA) (Area: Northern Elwynn Mountains - Difficulty: 0) CreateObject1 (Auras: 132221 - FX_Uni_Zeppelin_Propeller_Blades_Loop)
(@CGUID+77, 40789, 0, 1519, 6555, 1, 1686, 0, 0, 0, -7842.080078125, 1389.6600341796875, 301.831329345703125, 2.753256797790527343, 120, 0, 0, 112919, 0, 0, 0, 0, 0, 0, 55261); -- Generic Controller Bunny (CSA) (Area: Northern Elwynn Mountains - Difficulty: 0) CreateObject1 (Auras: 132221 - FX_Uni_Zeppelin_Propeller_Blades_Loop)

DELETE FROM `creature_addon` WHERE `guid` BETWEEN @CGUID+0 AND @CGUID+77;
INSERT INTO `creature_addon` (`guid`, `Path_Id`, `mount`, `StandState`, `AnimTier`, `VisFlags`, `SheathState`, `PvpFlags`, `emote`, `aiAnimKit`, `movementAnimKit`, `meleeAnimKit`, `visibilityDistanceType`, `auras`) VALUES
(@CGUID+0, 0, 0, 0, 0, 0, 1, 0, 173, 0, 0, 0, 0, ''), -- Skyfire Engineer
(@CGUID+3, 0, 0, 0, 0, 0, 1, 1, 0, 0, 0, 0, 0, ''), -- Airman Rogers
(@CGUID+4, 0, 0, 0, 0, 0, 1, 0, 0, 0, 0, 0, 0, '132223'), -- Generic Controller Bunny (CSA) - 132223 - FX_AllianceGunship_Idle_Main_Loop
(@CGUID+7, 0, 0, 0, 0, 0, 1, 1, 483, 0, 0, 0, 0, ''), -- Captain Day
(@CGUID+9, 0, 0, 0, 0, 0, 1, 0, 69, 0, 0, 0, 0, ''), -- Skyfire Engineer
(@CGUID+10, 0, 0, 0, 0, 0, 1, 1, 0, 0, 0, 0, 0, ''), -- Corporal Rasmussen
(@CGUID+11, 0, 0, 0, 0, 0, 0, 0, 0, 0, 0, 0, 0, ''), -- Skyfire Marine
(@CGUID+12, 0, 0, 0, 0, 0, 1, 0, 0, 0, 0, 0, 0, '131904'), -- Amber Kearnen - 131904 - Kearnen's Sniper Rifle
(@CGUID+13, 0, 0, 0, 0, 0, 0, 0, 0, 0, 0, 0, 0, ''), -- Skyfire Marine
(@CGUID+14, 0, 0, 0, 3, 0, 1, 0, 416, 0, 0, 0, 0, ''), -- Skyfire Gyrocopter
(@CGUID+15, 0, 0, 0, 0, 0, 0, 0, 0, 0, 0, 0, 0, ''), -- Skyfire Marine
(@CGUID+16, 0, 0, 0, 3, 0, 1, 0, 416, 0, 0, 0, 0, ''), -- Skyfire Gyrocopter
(@CGUID+17, 0, 0, 0, 0, 0, 0, 0, 0, 0, 0, 0, 0, ''), -- Skyfire Marine
(@CGUID+18, 0, 0, 0, 0, 0, 0, 0, 0, 0, 0, 0, 0, ''), -- Skyfire Marine
(@CGUID+19, 0, 0, 0, 0, 0, 1, 0, 483, 0, 0, 0, 0, ''), -- Nodd Codejack
(@CGUID+21, 0, 0, 0, 0, 0, 0, 0, 0, 0, 0, 0, 0, ''), -- Skyfire Marine
(@CGUID+22, 0, 0, 0, 0, 0, 0, 0, 0, 0, 0, 0, 0, ''), -- Skyfire Marine
(@CGUID+23, 0, 0, 0, 3, 0, 1, 0, 416, 0, 0, 0, 0, ''), -- Skyfire Gyrocopter
(@CGUID+24, 0, 0, 0, 0, 0, 0, 0, 0, 0, 0, 0, 0, ''), -- Skyfire Marine
(@CGUID+25, 0, 0, 0, 0, 0, 0, 0, 0, 0, 0, 0, 0, ''), -- Skyfire Marine
(@CGUID+26, 0, 0, 0, 0, 0, 0, 0, 0, 0, 0, 0, 0, ''), -- Skyfire Marine
(@CGUID+27, 0, 0, 0, 0, 0, 0, 0, 0, 0, 0, 0, 0, ''), -- Skyfire Marine
(@CGUID+28, 0, 0, 0, 0, 0, 0, 0, 0, 0, 0, 0, 0, ''), -- Skyfire Marine
(@CGUID+29, 0, 0, 0, 0, 0, 0, 0, 0, 0, 0, 0, 0, ''), -- Skyfire Marine
(@CGUID+30, 0, 0, 0, 0, 0, 1, 0, 0, 0, 0, 0, 5, ''), -- Totally Generic Bunny (All Phase) - !!! already present in database !!!
(@CGUID+31, 0, 0, 0, 0, 0, 0, 0, 0, 0, 0, 0, 0, ''), -- Skyfire Marine
(@CGUID+32, 0, 0, 0, 0, 0, 0, 0, 0, 0, 0, 0, 0, ''), -- Skyfire Marine
(@CGUID+33, 0, 0, 0, 0, 0, 0, 0, 0, 0, 0, 0, 0, ''), -- Skyfire Marine
(@CGUID+34, 0, 0, 0, 0, 0, 1, 1, 0, 0, 0, 0, 0, ''), -- Sky Mage Harlan
(@CGUID+35, 0, 0, 0, 0, 0, 0, 0, 0, 0, 0, 0, 0, ''), -- Skyfire Marine
(@CGUID+36, 0, 0, 0, 0, 0, 0, 0, 0, 0, 0, 0, 0, ''), -- Skyfire Marine
(@CGUID+38, 0, 0, 0, 3, 0, 1, 0, 0, 0, 0, 0, 0, '130860'), -- General Purpose Bunny ZTO - 130860 - Skyfire Defense Patrols
(@CGUID+39, 0, 0, 0, 0, 0, 1, 0, 0, 0, 0, 0, 0, '132221'), -- Generic Controller Bunny (CSA) - 132221 - FX_Uni_Zeppelin_Propeller_Blades_Loop
(@CGUID+41, 0, 0, 0, 0, 0, 1, 0, 69, 0, 0, 0, 0, ''), -- Skyfire Engineer
(@CGUID+46, 0, 0, 0, 3, 0, 1, 0, 416, 0, 0, 0, 0, ''), -- Skyfire Gyrocopter
(@CGUID+47, 0, 0, 0, 3, 0, 1, 0, 416, 0, 0, 0, 0, ''), -- Skyfire Gyrocopter
(@CGUID+48, 0, 0, 0, 0, 0, 0, 0, 0, 0, 0, 0, 0, ''), -- Skyfire Marine
(@CGUID+49, 0, 0, 0, 0, 0, 0, 0, 0, 0, 0, 0, 0, ''), -- Skyfire Marine
(@CGUID+50, 0, 0, 0, 0, 0, 0, 0, 0, 0, 0, 0, 0, ''), -- Skyfire Marine
(@CGUID+51, 0, 0, 0, 0, 0, 1, 1, 0, 0, 0, 0, 0, ''), -- Airman Hicks
(@CGUID+52, 0, 0, 0, 0, 0, 0, 0, 0, 0, 0, 0, 0, ''), -- Skyfire Marine
(@CGUID+53, 0, 0, 0, 0, 0, 0, 0, 0, 0, 0, 0, 0, ''), -- Skyfire Marine
(@CGUID+54, 0, 0, 0, 3, 0, 1, 0, 416, 0, 0, 0, 0, ''), -- Skyfire Gyrocopter
(@CGUID+55, 0, 0, 0, 0, 0, 1, 1, 0, 0, 0, 0, 0, ''), -- Airman Ellis
(@CGUID+56, 0, 0, 0, 0, 0, 0, 0, 0, 0, 0, 0, 0, ''), -- Skyfire Marine
(@CGUID+57, 0, 0, 0, 3, 0, 1, 0, 416, 0, 0, 0, 0, ''), -- Skyfire Gyrocopter
(@CGUID+58, 0, 0, 0, 0, 0, 0, 0, 0, 0, 0, 0, 0, ''), -- Skyfire Marine
(@CGUID+59, 0, 0, 0, 0, 0, 0, 0, 0, 0, 0, 0, 0, ''), -- Skyfire Marine
(@CGUID+60, 0, 0, 0, 0, 0, 0, 0, 0, 0, 0, 0, 0, ''), -- Skyfire Marine
(@CGUID+61, 0, 0, 0, 0, 0, 0, 0, 0, 0, 0, 0, 0, ''), -- Skyfire Marine
(@CGUID+62, 0, 0, 0, 0, 0, 0, 0, 0, 0, 0, 0, 0, ''), -- Skyfire Marine
(@CGUID+64, 0, 0, 0, 0, 0, 0, 0, 0, 0, 0, 0, 0, ''), -- Skyfire Marine
(@CGUID+65, 0, 0, 0, 0, 0, 0, 0, 0, 0, 0, 0, 0, ''), -- Skyfire Marine
(@CGUID+66, 0, 0, 0, 3, 0, 1, 0, 416, 0, 0, 0, 0, ''), -- Skyfire Gyrocopter
(@CGUID+67, 0, 0, 0, 0, 0, 1, 1, 483, 0, 0, 0, 0, ''), -- Captain Kerwin
(@CGUID+68, 0, 0, 0, 0, 0, 0, 0, 0, 0, 0, 0, 0, ''), -- Skyfire Marine
(@CGUID+69, 0, 0, 0, 0, 0, 1, 1, 0, 0, 0, 0, 0, ''), -- Airman Clifton
(@CGUID+70, 0, 0, 0, 0, 0, 0, 1, 0, 0, 0, 0, 0, ''), -- Sky Captain Callanan
(@CGUID+71, 0, 0, 0, 0, 0, 1, 0, 0, 0, 0, 0, 5, ''), -- Totally Generic Bunny (All Phase) - !!! already present in database !!!
(@CGUID+72, 0, 0, 0, 0, 0, 1, 0, 0, 0, 0, 0, 0, '132221'), -- Generic Controller Bunny (CSA) - 132221 - FX_Uni_Zeppelin_Propeller_Blades_Loop
(@CGUID+76, 0, 0, 0, 0, 0, 1, 0, 0, 0, 0, 0, 0, '132221'), -- Generic Controller Bunny (CSA) - 132221 - FX_Uni_Zeppelin_Propeller_Blades_Loop
(@CGUID+77, 0, 0, 0, 0, 0, 1, 0, 0, 0, 0, 0, 0, '132221'); -- Generic Controller Bunny (CSA) - 132221 - FX_Uni_Zeppelin_Propeller_Blades_Loop


-- Sky Captain Callanan entry 64859
SET @PATH := (@CGUID+70) * 10;
DELETE FROM `waypoint_data` WHERE `id`= @PATH;
INSERT INTO `waypoint_data` (`id`, `point`, `position_x`, `position_y`, `position_z`, `orientation`, `delay`) VALUES
(@PATH, 0, -7880.561, 1309.455, 338.8661, NULL, 248),
(@PATH, 1, -7880.628, 1356.922, 338.8488, NULL, 58),
(@PATH, 2, -7880.561, 1309.455, 338.8661, NULL, 42),
(@PATH, 3, -7880.628, 1356.922, 338.8488, NULL, 59),
(@PATH, 4, -7880.561, 1309.455, 338.8661, NULL, 33),
(@PATH, 5, -7880.628, 1356.922, 338.8488, NULL, 26),
(@PATH, 6, -7880.561, 1309.455, 338.8661, NULL, 30),
(@PATH, 7, -7880.628, 1356.922, 338.8488, NULL, 23),
(@PATH, 8, -7880.561, 1309.455, 338.8661, NULL, 181),
(@PATH, 9, -7880.628, 1356.922, 338.8488, NULL, 48),
(@PATH, 10, -7880.561, 1309.455, 338.8661, NULL, 42),
(@PATH, 11, -7880.628, 1356.922, 338.8488, NULL, 4),
(@PATH, 12, -7880.561, 1309.455, 338.8661, NULL, 0);

UPDATE `creature` SET `position_x`= -7880.561, `position_y`= 1309.455, `position_z`= 338.8661, `orientation`= 0, `wander_distance`= 0, `MovementType`= 2 WHERE `guid`= @CGUID+70;
UPDATE `creature_addon` SET `Path_Id`=@PATH WHERE `guid`= @CGUID+70;

-- Skyfire Engineer entry 66480
SET @PATH := (@CGUID+2) * 10;
DELETE FROM `waypoint_data` WHERE `id`= @PATH;
INSERT INTO `waypoint_data` (`id`, `point`, `position_x`, `position_y`, `position_z`, `orientation`, `delay`) VALUES
(@PATH, 0, -7898.217, 1334.785, 338.7588, NULL, 0),
(@PATH, 1, -7898.092, 1331.565, 338.7538, NULL, 0),
(@PATH, 2, -7898.2, 1311.845, 338.8352, NULL, 0),
(@PATH, 3, -7897.707, 1307.313, 338.8441, NULL, 0),
(@PATH, 4, -7896.303, 1306.513, 339.1078, NULL, 0),
(@PATH, 5, -7898.241, 1311.794, 338.8353, NULL, 0),
(@PATH, 6, -7898.234, 1331.564, 338.7529, NULL, 0),
(@PATH, 7, -7897.993, 1334.594, 338.7627, NULL, 0),
(@PATH, 8, -7897.354, 1347.019, 338.8489, NULL, 0),
(@PATH, 9, -7897.094, 1350.396, 338.8614, NULL, 0),
(@PATH, 10, -7896.434, 1354.962, 338.8368, NULL, 0),
(@PATH, 11, -7895.198, 1358.918, 339.2335, NULL, 0),
(@PATH, 12, -7890.538, 1365.399, 341.8928, NULL, 0),
(@PATH, 13, -7888.128, 1368.852, 341.7878, NULL, 0),
(@PATH, 14, -7886.337, 1370.811, 341.7793, NULL, 0),
(@PATH, 15, -7887.297, 1373.201, 341.8546, NULL, 0),
(@PATH, 16, -7891.354, 1365.448, 341.8876, NULL, 0),
(@PATH, 17, -7894.981, 1359.024, 339.2612, NULL, 0),
(@PATH, 18, -7896.505, 1354.563, 338.8389, NULL, 0),
(@PATH, 19, -7897.293, 1350.396, 338.8615, NULL, 0),
(@PATH, 20, -7897.603, 1347.063, 338.8851, NULL, 0),
(@PATH, 21, -7898.217, 1334.785, 338.7588, NULL, 0),
(@PATH, 22, -7898.092, 1331.565, 338.7538, NULL, 0),
(@PATH, 23, -7898.2, 1311.845, 338.8352, NULL, 0),
(@PATH, 24, -7898.128, 1309.794, 338.8607, NULL, 0),
(@PATH, 25, -7897.707, 1307.313, 338.8441, NULL, 0),
(@PATH, 26, -7896.303, 1306.513, 339.1078, NULL, 0),
(@PATH, 27, -7898.241, 1311.794, 338.8353, NULL, 0),
(@PATH, 28, -7898.234, 1331.564, 338.7529, NULL, 0),
(@PATH, 29, -7897.993, 1334.594, 338.7627, NULL, 0),
(@PATH, 30, -7897.354, 1347.019, 338.8489, NULL, 0),
(@PATH, 31, -7897.094, 1350.396, 338.8614, NULL, 0),
(@PATH, 32, -7896.434, 1354.962, 338.8368, NULL, 0),
(@PATH, 33, -7895.198, 1358.918, 339.2335, NULL, 0),
(@PATH, 34, -7890.538, 1365.399, 341.8928, NULL, 0),
(@PATH, 35, -7888.128, 1368.852, 341.7878, NULL, 0),
(@PATH, 36, -7886.337, 1370.811, 341.7793, NULL, 0),
(@PATH, 37, -7887.297, 1373.201, 341.8546, NULL, 0),
(@PATH, 38, -7891.354, 1365.448, 341.8876, NULL, 0),
(@PATH, 39, -7894.981, 1359.024, 339.2612, NULL, 0),
(@PATH, 40, -7896.505, 1354.563, 338.8389, NULL, 0),
(@PATH, 41, -7897.293, 1350.396, 338.8615, NULL, 0),
(@PATH, 42, -7897.603, 1347.063, 338.8851, NULL, 0),
(@PATH, 43, -7898.217, 1334.785, 338.7588, NULL, 0),
(@PATH, 44, -7898.092, 1331.565, 338.7538, NULL, 0),
(@PATH, 45, -7898.2, 1311.845, 338.8352, NULL, 0),
(@PATH, 46, -7898.128, 1309.794, 338.8607, NULL, 0),
(@PATH, 47, -7897.707, 1307.313, 338.8441, NULL, 0),
(@PATH, 48, -7896.303, 1306.513, 339.1078, NULL, 0),
(@PATH, 49, -7898.241, 1311.794, 338.8353, NULL, 0),
(@PATH, 50, -7898.234, 1331.564, 338.7529, NULL, 0),
(@PATH, 51, -7897.993, 1334.594, 338.7627, NULL, 0),
(@PATH, 52, -7897.354, 1347.019, 338.8489, NULL, 0),
(@PATH, 53, -7897.094, 1350.396, 338.8614, NULL, 0),
(@PATH, 54, -7896.434, 1354.962, 338.8368, NULL, 0),
(@PATH, 55, -7895.198, 1358.918, 339.2335, NULL, 0),
(@PATH, 56, -7890.538, 1365.399, 341.8928, NULL, 0),
(@PATH, 57, -7888.128, 1368.852, 341.7878, NULL, 0),
(@PATH, 58, -7886.337, 1370.811, 341.7793, NULL, 0),
(@PATH, 59, -7887.297, 1373.201, 341.8546, NULL, 0),
(@PATH, 60, -7891.354, 1365.448, 341.8876, NULL, 0),
(@PATH, 61, -7894.981, 1359.024, 339.2612, NULL, 0),
(@PATH, 62, -7896.505, 1354.563, 338.8389, NULL, 0),
(@PATH, 63, -7897.293, 1350.396, 338.8615, NULL, 0),
(@PATH, 64, -7897.603, 1347.063, 338.8851, NULL, 0),
(@PATH, 65, -7898.217, 1334.785, 338.7588, NULL, 0),
(@PATH, 66, -7898.092, 1331.565, 338.7538, NULL, 0),
(@PATH, 67, -7898.2, 1311.845, 338.8352, NULL, 0);

UPDATE `creature` SET `position_x`= -7898.217, `position_y`= 1334.785, `position_z`= 338.7588, `orientation`= 0, `wander_distance`= 0, `MovementType`= 2 WHERE `guid`= (@CGUID+2);
-- UPDATE `creature_addon` SET `Path_Id`=@PATH WHERE `guid`= (@CGUID+2);
DELETE FROM `creature_addon` WHERE `guid`= (@CGUID+2);
INSERT INTO `creature_addon` (`guid`, `path_id`) VALUES
(@CGUID+2, @PATH);

-- 0 2 6 9 41 
-- 2
SET @PATH := (@CGUID+73) * 10;
DELETE FROM `waypoint_data` WHERE `id`= @PATH;
INSERT INTO `waypoint_data` (`id`, `point`, `position_x`, `position_y`, `position_z`, `orientation`, `delay`) VALUES
(@PATH, 0, -7864.146, 1347.302, 338.8495, NULL, 0),
(@PATH, 1, -7863.613, 1342.024, 338.7924, NULL, 0),
(@PATH, 2, -7863.128, 1334.852, 338.816, NULL, 0),
(@PATH, 3, -7862.993, 1331.79, 338.757, NULL, 0),
(@PATH, 4, -7862.799, 1317.009, 338.8095, NULL, 0),
(@PATH, 5, -7862.695, 1312.104, 338.8422, NULL, 0),
(@PATH, 6, -7862.851, 1310.105, 338.8466, NULL, 0),
(@PATH, 7, -7864.653, 1307.969, 339.0388, NULL, 0),
(@PATH, 8, -7862.738, 1312.103, 338.8422, NULL, 0),
(@PATH, 9, -7863.125, 1331.79, 338.7575, NULL, 0),
(@PATH, 10, -7863.12, 1334.849, 338.8204, NULL, 0),
(@PATH, 11, -7863.96, 1347.458, 338.9743, NULL, 0),
(@PATH, 12, -7864.802, 1350.595, 338.919, NULL, 0),
(@PATH, 13, -7868.318, 1359.075, 339.2714, NULL, 0),
(@PATH, 14, -7871.818, 1366.012, 341.8994, NULL, 0),
(@PATH, 15, -7876.188, 1374.488, 341.8718, NULL, 0),
(@PATH, 16, -7875.018, 1378.479, 341.8963, NULL, 0),
(@PATH, 17, -7868.268, 1358.91, 339.2043, NULL, 0),
(@PATH, 18, -7865.252, 1351.901, 338.8484, NULL, 0),
(@PATH, 19, -7864.146, 1347.302, 338.8495, NULL, 0),
(@PATH, 20, -7863.613, 1342.024, 338.7924, NULL, 0),
(@PATH, 21, -7863.128, 1334.852, 338.816, NULL, 0),
(@PATH, 22, -7862.993, 1331.79, 338.757, NULL, 0),
(@PATH, 23, -7862.799, 1317.009, 338.8095, NULL, 0),
(@PATH, 24, -7862.695, 1312.104, 338.8422, NULL, 0),
(@PATH, 25, -7862.851, 1310.105, 338.8466, NULL, 0),
(@PATH, 26, -7864.653, 1307.969, 339.0388, NULL, 0),
(@PATH, 27, -7862.738, 1312.103, 338.8422, NULL, 0),
(@PATH, 28, -7863.125, 1331.79, 338.7575, NULL, 0),
(@PATH, 29, -7863.12, 1334.849, 338.8204, NULL, 0),
(@PATH, 30, -7863.96, 1347.458, 338.9743, NULL, 0),
(@PATH, 31, -7864.802, 1350.595, 338.919, NULL, 0),
(@PATH, 32, -7868.318, 1359.075, 339.2714, NULL, 0),
(@PATH, 33, -7871.818, 1366.012, 341.8994, NULL, 0),
(@PATH, 34, -7876.188, 1374.488, 341.8718, NULL, 0),
(@PATH, 35, -7875.018, 1378.479, 341.8963, NULL, 0),
(@PATH, 36, -7868.268, 1358.91, 339.2043, NULL, 0),
(@PATH, 37, -7865.252, 1351.901, 338.8484, NULL, 0),
(@PATH, 38, -7864.146, 1347.302, 338.8495, NULL, 0),
(@PATH, 39, -7863.613, 1342.024, 338.7924, NULL, 0),
(@PATH, 40, -7863.128, 1334.852, 338.816, NULL, 0),
(@PATH, 41, -7862.993, 1331.79, 338.757, NULL, 0),
(@PATH, 42, -7862.799, 1317.009, 338.8095, NULL, 0),
(@PATH, 43, -7862.695, 1312.104, 338.8422, NULL, 0),
(@PATH, 44, -7862.851, 1310.105, 338.8466, NULL, 0),
(@PATH, 45, -7864.653, 1307.969, 339.0388, NULL, 0),
(@PATH, 46, -7862.738, 1312.103, 338.8422, NULL, 0),
(@PATH, 47, -7863.125, 1331.79, 338.7575, NULL, 0),
(@PATH, 48, -7863.12, 1334.849, 338.8204, NULL, 0),
(@PATH, 49, -7863.96, 1347.458, 338.9743, NULL, 0),
(@PATH, 50, -7864.802, 1350.595, 338.919, NULL, 0),
(@PATH, 51, -7868.318, 1359.075, 339.2714, NULL, 0),
(@PATH, 52, -7871.818, 1366.012, 341.8994, NULL, 0),
(@PATH, 53, -7876.188, 1374.488, 341.8718, NULL, 0),
(@PATH, 54, -7875.018, 1378.479, 341.8963, NULL, 0),
(@PATH, 55, -7871.852, 1366.344, 341.7703, NULL, 0),
(@PATH, 56, -7868.268, 1358.91, 339.2043, NULL, 0),
(@PATH, 57, -7865.252, 1351.901, 338.8484, NULL, 0),
(@PATH, 58, -7864.146, 1347.302, 338.8495, NULL, 0),
(@PATH, 59, -7863.613, 1342.024, 338.7924, NULL, 0),
(@PATH, 60, -7863.128, 1334.852, 338.816, NULL, 0),
(@PATH, 61, -7862.993, 1331.79, 338.757, NULL, 0);

UPDATE `creature` SET `position_x`= -7864.146, `position_y`= 1347.302, `position_z`= 338.8495, `orientation`= 0, `wander_distance`= 0, `MovementType`= 2 WHERE `guid`= @CGUID+73;
-- UPDATE `creature_addon` SET `Path_Id`=@PATH WHERE `guid`= @CGUID+2;
DELETE FROM `creature_addon` WHERE `guid`= (@CGUID+73);
INSERT INTO `creature_addon` (`guid`, `path_id`) VALUES
(@CGUID+73, @PATH);

-- Skyfire Marine entry 66300 13 24
SET @PATH := (@CGUID+13) * 10;
DELETE FROM `waypoint_data` WHERE `id`= @PATH;
INSERT INTO `waypoint_data` (`id`, `point`, `position_x`, `position_y`, `position_z`, `orientation`, `delay`) VALUES
(@PATH, 0, -7918.184, 1278.201, 343.419, NULL, -1381),
(@PATH, 1, -7909.846, 1279.118, 343.4194, NULL, -1109),
(@PATH, 2, -7907.689, 1281.033, 343.4207, NULL, -1405),
(@PATH, 3, -7907.675, 1284.469, 343.4159, NULL, -1165),
(@PATH, 4, -7907.734, 1287.304, 342.5475, NULL, -1146),
(@PATH, 5, -7907.151, 1290.3, 341.6843, NULL, -1225),
(@PATH, 6, -7906.318, 1292.972, 341.079, NULL, -1168),
(@PATH, 7, -7904.79, 1295.391, 340.2517, NULL, -1171),
(@PATH, 8, -7902.833, 1297.823, 339.0133, NULL, -1295),
(@PATH, 9, -7898.484, 1299.481, 338.8192, NULL, -745),
(@PATH, 10, -7893.649, 1300.028, 338.8591, NULL, -1508),
(@PATH, 11, -7881.143, 1300.394, 338.8939, NULL, -1638),
(@PATH, 12, -7873.092, 1300.528, 338.929, NULL, -1246),
(@PATH, 13, -7864.866, 1300.524, 338.907, NULL, -909),
(@PATH, 14, -7861.866, 1299.931, 338.8307, NULL, -907),
(@PATH, 15, -7861.866, 1299.931, 338.8307, NULL, -907),
(@PATH, 16, -7861.866, 1299.931, 338.8307, NULL, -907),
(@PATH, 17, -7861.866, 1299.931, 338.8307, NULL, -907),
(@PATH, 18, -7857.518, 1298.873, 338.9271, NULL, -1521),
(@PATH, 19, -7855.948, 1296.469, 340.0026, NULL, -1465),
(@PATH, 20, -7854.58, 1293.767, 340.9899, NULL, -1470),
(@PATH, 21, -7853.491, 1291.102, 341.6073, NULL, -1478),
(@PATH, 22, -7852.777, 1288.286, 342.3914, NULL, -1480),
(@PATH, 23, -7852.734, 1285.504, 343.2705, NULL, -1430),
(@PATH, 24, -7852.34, 1281.38, 343.4205, NULL, -694),
(@PATH, 25, -7849.528, 1279.859, 343.4193, NULL, -738),
(@PATH, 26, -7837.253, 1276.924, 343.4189, NULL, 8779),
(@PATH, 27, -7846.018, 1279.769, 343.4193, NULL, -1286),
(@PATH, 28, -7852.905, 1282.254, 343.421, NULL, -1760),
(@PATH, 29, -7852.759, 1284.957, 343.4159, NULL, -1640),
(@PATH, 30, -7852.844, 1287.606, 342.6082, NULL, -1526),
(@PATH, 31, -7853.229, 1290.332, 341.7832, NULL, -1485),
(@PATH, 32, -7853.87, 1292.938, 341.2007, NULL, -1381),
(@PATH, 33, -7855.224, 1295.969, 340.3858, NULL, -1549),
(@PATH, 34, -7858.026, 1298.47, 338.877, NULL, -881),
(@PATH, 35, -7861.931, 1299.847, 338.834, NULL, -1060),
(@PATH, 36, -7872.624, 1300.335, 338.8302, NULL, -627),
(@PATH, 37, -7879.412, 1300.306, 338.7977, NULL, -915),
(@PATH, 38, -7889.403, 1300.116, 338.837, NULL, -1288),
(@PATH, 39, -7898.603, 1299.717, 338.8099, NULL, -1348),
(@PATH, 40, -7902.866, 1298.318, 338.8956, NULL, -705),
(@PATH, 41, -7904.924, 1296.033, 340.0885, NULL, -811),
(@PATH, 42, -7906.042, 1293.042, 341.0515, NULL, -962),
(@PATH, 43, -7906.772, 1290.102, 341.7087, NULL, -969),
(@PATH, 44, -7907.167, 1287.314, 342.5593, NULL, -961),
(@PATH, 45, -7908.307, 1281.337, 343.4207, NULL, -1031),
(@PATH, 46, -7913.603, 1278.858, 343.4189, NULL, -949),
(@PATH, 47, -7924.332, 1276.031, 343.4189, NULL, 7939),
(@PATH, 48, -7918.184, 1278.201, 343.419, NULL, -1463),
(@PATH, 49, -7909.846, 1279.118, 343.4194, NULL, -1044),
(@PATH, 50, -7907.689, 1281.033, 343.4207, NULL, -1070),
(@PATH, 51, -7907.675, 1284.469, 343.4159, NULL, -1236),
(@PATH, 52, -7907.734, 1287.304, 342.5475, NULL, -1214),
(@PATH, 53, -7907.151, 1290.3, 341.6843, NULL, -1284),
(@PATH, 54, -7906.318, 1292.972, 341.079, NULL, -1396),
(@PATH, 55, -7904.79, 1295.391, 340.2517, NULL, -1022),
(@PATH, 56, -7902.833, 1297.823, 339.0133, NULL, -1333),
(@PATH, 57, -7898.484, 1299.481, 338.8192, NULL, -775),
(@PATH, 58, -7893.649, 1300.028, 338.8591, NULL, -1551),
(@PATH, 59, -7881.143, 1300.394, 338.8939, NULL, -1701),
(@PATH, 60, -7873.092, 1300.528, 338.929, NULL, -1322),
(@PATH, 61, -7864.866, 1300.524, 338.907, NULL, -956),
(@PATH, 62, -7861.866, 1299.931, 338.8307, NULL, -988),
(@PATH, 63, -7857.518, 1298.873, 338.9271, NULL, -1593),
(@PATH, 64, -7855.948, 1296.469, 340.0026, NULL, -1525),
(@PATH, 65, -7854.58, 1293.767, 340.9899, NULL, -1547),
(@PATH, 66, -7853.491, 1291.102, 341.6073, NULL, -1558),
(@PATH, 67, -7852.777, 1288.286, 342.3914, NULL, -1547),
(@PATH, 68, -7852.734, 1285.504, 343.2705, NULL, -1506),
(@PATH, 69, -7852.34, 1281.38, 343.4205, NULL, -747),
(@PATH, 70, -7849.528, 1279.859, 343.4193, NULL, -827),
(@PATH, 71, -7837.253, 1276.924, 343.4189, NULL, 12475),
(@PATH, 72, -7846.018, 1279.769, 343.4193, NULL, -1261),
(@PATH, 73, -7852.905, 1282.254, 343.421, NULL, -1780),
(@PATH, 74, -7852.759, 1284.957, 343.4159, NULL, -1649),
(@PATH, 75, -7852.844, 1287.606, 342.6082, NULL, -1544),
(@PATH, 76, -7853.229, 1290.332, 341.7832, NULL, -1501),
(@PATH, 77, -7853.87, 1292.938, 341.2007, NULL, -1399),
(@PATH, 78, -7855.224, 1295.969, 340.3858, NULL, -1549),
(@PATH, 79, -7858.026, 1298.47, 338.877, NULL, -744),
(@PATH, 80, -7861.931, 1299.847, 338.834, NULL, -1184),
(@PATH, 81, -7872.624, 1300.335, 338.8302, NULL, -620),
(@PATH, 82, -7879.412, 1300.306, 338.7977, NULL, -915),
(@PATH, 83, -7889.403, 1300.116, 338.837, NULL, -1289),
(@PATH, 84, -7898.603, 1299.717, 338.8099, NULL, -1332),
(@PATH, 85, -7902.866, 1298.318, 338.8956, NULL, -682),
(@PATH, 86, -7904.924, 1296.033, 340.0885, NULL, -806),
(@PATH, 87, -7906.042, 1293.042, 341.0515, NULL, -1010),
(@PATH, 88, -7906.772, 1290.102, 341.7087, NULL, -910),
(@PATH, 89, -7907.167, 1287.314, 342.5593, NULL, -948),
(@PATH, 90, -7908.307, 1281.337, 343.4207, NULL, -1040),
(@PATH, 91, -7913.603, 1278.858, 343.4189, NULL, -970),
(@PATH, 92, -7924.332, 1276.031, 343.4189, NULL, 4284),
(@PATH, 93, -7918.184, 1278.201, 343.419, NULL, -1388),
(@PATH, 94, -7909.846, 1279.118, 343.4194, NULL, 0);

UPDATE `creature` SET `position_x`= -7918.184, `position_y`= 1278.201, `position_z`= 343.419, `orientation`= 0, `wander_distance`= 0, `MovementType`= 2 WHERE `guid`= @CGUID+13;
UPDATE `creature_addon` SET `Path_Id`=@PATH WHERE `guid`= @CGUID+13;


SET @PATH := (@CGUID+24) * 10;
DELETE FROM `waypoint_data` WHERE `id`= @PATH;
INSERT INTO `waypoint_data` (`id`, `point`, `position_x`, `position_y`, `position_z`, `orientation`, `delay`) VALUES
(@PATH, 0, -7913.793, 1272.946, 343.631, NULL, -793),
(@PATH, 1, -7896.021, 1272.911, 357.8981, NULL, -1365),
(@PATH, 2, -7877.344, 1272.96, 358.4773, NULL, -1656),
(@PATH, 3, -7864.49, 1273.271, 357.9572, NULL, -889),
(@PATH, 4, -7846.616, 1273.462, 343.7882, NULL, -1562),
(@PATH, 5, -7838.893, 1273.733, 343.4214, NULL, 3787),
(@PATH, 6, -7846.41, 1273.736, 343.6446, NULL, -615),
(@PATH, 7, -7863.997, 1272.894, 357.7568, NULL, -1119),
(@PATH, 8, -7878.991, 1273.036, 358.4794, NULL, -1218),
(@PATH, 9, -7894.147, 1273.177, 358.0936, NULL, -1349),
(@PATH, 10, -7895.984, 1272.773, 357.9295, NULL, -951),
(@PATH, 11, -7913.762, 1272.842, 343.6524, NULL, -1581),
(@PATH, 12, -7921.799, 1273.422, 343.421, NULL, 8499),
(@PATH, 13, -7913.793, 1272.946, 343.631, NULL, -802),
(@PATH, 14, -7896.021, 1272.911, 357.8981, NULL, -1414),
(@PATH, 15, -7877.344, 1272.96, 358.4773, NULL, -1725),
(@PATH, 16, -7864.49, 1273.271, 357.9572, NULL, -1013),
(@PATH, 17, -7846.616, 1273.462, 343.7882, NULL, -1602),
(@PATH, 18, -7838.893, 1273.733, 343.4214, NULL, 3693),
(@PATH, 19, -7846.41, 1273.736, 343.6446, NULL, -609),
(@PATH, 20, -7863.997, 1272.894, 357.7568, NULL, -1154),
(@PATH, 21, -7878.991, 1273.036, 358.4794, NULL, -1205),
(@PATH, 22, -7894.147, 1273.177, 358.0936, NULL, -1532),
(@PATH, 23, -7895.984, 1272.773, 357.9295, NULL, -793),
(@PATH, 24, -7913.762, 1272.842, 343.6524, NULL, -1492),
(@PATH, 25, -7921.799, 1273.422, 343.421, NULL, 3804),
(@PATH, 26, -7913.793, 1272.946, 343.631, NULL, -817),
(@PATH, 27, -7896.021, 1272.911, 357.8981, NULL, -1420),
(@PATH, 28, -7877.344, 1272.96, 358.4773, NULL, -1688),
(@PATH, 29, -7864.49, 1273.271, 357.9572, NULL, -945),
(@PATH, 30, -7846.616, 1273.462, 343.7882, NULL, -1634),
(@PATH, 31, -7838.893, 1273.733, 343.4214, NULL, 3695),
(@PATH, 32, -7846.41, 1273.736, 343.6446, NULL, -615),
(@PATH, 33, -7863.997, 1272.894, 357.7568, NULL, -1124),
(@PATH, 34, -7878.991, 1273.036, 358.4794, NULL, 0);

UPDATE `creature` SET `position_x`= -7913.793, `position_y`= 1272.946, `position_z`= 343.631, `orientation`= 0, `wander_distance`= 0, `MovementType`= 2 WHERE `guid`= @CGUID+24;
UPDATE `creature_addon` SET `Path_Id`=@PATH WHERE `guid`= @CGUID+24;

-- Captain Day entry 64861
-- SAI
-- @CGUID+7



SET @CGUID := xxxxxx;
SET @PATH := @CGUID * 10;
DELETE FROM `waypoint_data` WHERE `id`= @PATH;
INSERT INTO `waypoint_data` (`id`, `point`, `position_x`, `position_y`, `position_z`, `orientation`, `delay`) VALUES
(@PATH, 0, -7918.184, 1278.201, 343.419, NULL, -1388),
(@PATH, 1, -7909.846, 1279.118, 343.4194, NULL, -1286),
(@PATH, 2, -7907.689, 1281.033, 343.4207, NULL, -849),
(@PATH, 3, -7907.675, 1284.469, 343.4159, NULL, -1203),
(@PATH, 4, -7907.734, 1287.304, 342.5475, NULL, -1197),
(@PATH, 5, -7907.151, 1290.3, 341.6843, NULL, -1267),
(@PATH, 6, -7906.318, 1292.972, 341.079, NULL, -1326),
(@PATH, 7, -7904.79, 1295.391, 340.2517, NULL, -1065),
(@PATH, 8, -7902.833, 1297.823, 339.0133, NULL, -1343),
(@PATH, 9, -7898.484, 1299.481, 338.8192, NULL, -795),
(@PATH, 10, -7893.649, 1300.028, 338.8591, NULL, -1566),
(@PATH, 11, -7881.143, 1300.394, 338.8939, NULL, -1761),
(@PATH, 12, -7873.092, 1300.528, 338.929, NULL, -1315),
(@PATH, 13, -7864.866, 1300.524, 338.907, NULL, -1013),
(@PATH, 14, -7861.866, 1299.931, 338.8307, NULL, -1043),
(@PATH, 15, -7857.518, 1298.873, 338.9271, NULL, -1777),
(@PATH, 16, -7855.948, 1296.469, 340.0026, NULL, -1461),
(@PATH, 17, -7854.58, 1293.767, 340.9899, NULL, -1608),
(@PATH, 18, -7853.491, 1291.102, 341.6073, NULL, -1623),
(@PATH, 19, -7852.777, 1288.286, 342.3914, NULL, -1632),
(@PATH, 20, -7852.734, 1285.504, 343.2705, NULL, -1577),
(@PATH, 21, -7852.34, 1281.38, 343.4205, NULL, -742),
(@PATH, 22, -7849.528, 1279.859, 343.4193, NULL, -834),
(@PATH, 23, -7837.253, 1276.924, 343.4189, NULL, 9905),
(@PATH, 24, -7846.018, 1279.769, 343.4193, NULL, -1261),
(@PATH, 25, -7852.905, 1282.254, 343.421, NULL, -1768),
(@PATH, 26, -7852.759, 1284.957, 343.4159, NULL, -1791),
(@PATH, 27, -7852.844, 1287.606, 342.6082, NULL, -1394),
(@PATH, 28, -7853.229, 1290.332, 341.7832, NULL, -1532),
(@PATH, 29, -7853.87, 1292.938, 341.2007, NULL, -1426),
(@PATH, 30, -7855.224, 1295.969, 340.3858, NULL, -1612),
(@PATH, 31, -7858.026, 1298.47, 338.877, NULL, -807),
(@PATH, 32, -7861.931, 1299.847, 338.834, NULL, -1267),
(@PATH, 33, -7872.624, 1300.335, 338.8302, NULL, -723),
(@PATH, 34, -7879.412, 1300.306, 338.7977, NULL, -1192),
(@PATH, 35, -7889.403, 1300.116, 338.837, NULL, -1249),
(@PATH, 36, -7898.603, 1299.717, 338.8099, NULL, -1461),
(@PATH, 37, -7902.866, 1298.318, 338.8956, NULL, -801),
(@PATH, 38, -7904.924, 1296.033, 340.0885, NULL, -918),
(@PATH, 39, -7906.042, 1293.042, 341.0515, NULL, -1068),
(@PATH, 40, -7906.772, 1290.102, 341.7087, NULL, -1110),
(@PATH, 41, -7907.167, 1287.314, 342.5593, NULL, -1102),
(@PATH, 42, -7907.198, 1285.37, 343.1724, NULL, -858),
(@PATH, 43, -7908.307, 1281.337, 343.4207, NULL, -1035),
(@PATH, 44, -7913.603, 1278.858, 343.4189, NULL, -1125),
(@PATH, 45, -7924.332, 1276.031, 343.4189, NULL, 6443),
(@PATH, 46, -7918.184, 1278.201, 343.419, NULL, -1251),
(@PATH, 47, -7909.846, 1279.118, 343.4194, NULL, -1126),
(@PATH, 48, -7907.689, 1281.033, 343.4207, NULL, -1072),
(@PATH, 49, -7907.675, 1284.469, 343.4159, NULL, -1264),
(@PATH, 50, -7907.734, 1287.304, 342.5475, NULL, -1221),
(@PATH, 51, -7907.151, 1290.3, 341.6843, NULL, -1312),
(@PATH, 52, -7906.318, 1292.972, 341.079, NULL, -1263),
(@PATH, 53, -7904.79, 1295.391, 340.2517, NULL, -1258),
(@PATH, 54, -7902.833, 1297.823, 339.0133, NULL, -1402),
(@PATH, 55, -7898.484, 1299.481, 338.8192, NULL, -876),
(@PATH, 56, -7893.649, 1300.028, 338.8591, NULL, -1640),
(@PATH, 57, -7881.143, 1300.394, 338.8939, NULL, -607),
(@PATH, 58, -7873.092, 1300.528, 338.929, NULL, -1418),
(@PATH, 59, -7864.866, 1300.524, 338.907, NULL, -1086),
(@PATH, 60, -7861.866, 1299.931, 338.8307, NULL, -1143),
(@PATH, 61, -7857.518, 1298.873, 338.9271, NULL, -1821),
(@PATH, 62, -7855.948, 1296.469, 340.0026, NULL, -1510),
(@PATH, 63, -7854.58, 1293.767, 340.9899, NULL, -1669),
(@PATH, 64, -7853.491, 1291.102, 341.6073, NULL, -1697),
(@PATH, 65, -7852.777, 1288.286, 342.3914, NULL, -1678),
(@PATH, 66, -7852.734, 1285.504, 343.2705, NULL, -1637),
(@PATH, 67, -7852.34, 1281.38, 343.4205, NULL, -891),
(@PATH, 68, -7849.528, 1279.859, 343.4193, NULL, -959),
(@PATH, 69, -7837.253, 1276.924, 343.4189, NULL, 12207),
(@PATH, 70, -7846.018, 1279.769, 343.4193, NULL, -1247),
(@PATH, 71, -7852.905, 1282.254, 343.421, NULL, -1751),
(@PATH, 72, -7852.759, 1284.957, 343.4159, NULL, -1630),
(@PATH, 73, -7852.844, 1287.606, 342.6082, NULL, -1518),
(@PATH, 74, -7853.229, 1290.332, 341.7832, NULL, -1493),
(@PATH, 75, -7853.87, 1292.938, 341.2007, NULL, -1378),
(@PATH, 76, -7855.224, 1295.969, 340.3858, NULL, -1557),
(@PATH, 77, -7858.026, 1298.47, 338.877, NULL, -742),
(@PATH, 78, -7861.931, 1299.847, 338.834, NULL, -1208),
(@PATH, 79, -7872.624, 1300.335, 338.8302, NULL, -810),
(@PATH, 80, -7879.412, 1300.306, 338.7977, NULL, -773),
(@PATH, 81, -7889.403, 1300.116, 338.837, NULL, -1296),
(@PATH, 82, -7898.603, 1299.717, 338.8099, NULL, -1362),
(@PATH, 83, -7902.866, 1298.318, 338.8956, NULL, -711),
(@PATH, 84, -7904.924, 1296.033, 340.0885, NULL, -842),
(@PATH, 85, -7906.042, 1293.042, 341.0515, NULL, -987),
(@PATH, 86, -7906.772, 1290.102, 341.7087, NULL, -1187),
(@PATH, 87, -7907.167, 1287.314, 342.5593, NULL, -856),
(@PATH, 88, -7907.198, 1285.37, 343.1724, NULL, -629),
(@PATH, 89, -7908.307, 1281.337, 343.4207, NULL, -1110),
(@PATH, 90, -7913.603, 1278.858, 343.4189, NULL, -1024),
(@PATH, 91, -7924.332, 1276.031, 343.4189, NULL, 9104),
(@PATH, 92, -7918.184, 1278.201, 343.419, NULL, -1402),
(@PATH, 93, -7909.846, 1279.118, 343.4194, NULL, -1248),
(@PATH, 94, -7907.689, 1281.033, 343.4207, NULL, -973),
(@PATH, 95, -7907.675, 1284.469, 343.4159, NULL, -1275),
(@PATH, 96, -7907.734, 1287.304, 342.5475, NULL, -1253),
(@PATH, 97, -7907.151, 1290.3, 341.6843, NULL, -1315),
(@PATH, 98, -7906.318, 1292.972, 341.079, NULL, -1403),
(@PATH, 99, -7904.79, 1295.391, 340.2517, NULL, -1107),
(@PATH, 100, -7902.833, 1297.823, 339.0133, NULL, -1404),
(@PATH, 101, -7898.484, 1299.481, 338.8192, NULL, -1033),
(@PATH, 102, -7893.649, 1300.028, 338.8591, NULL, -1472),
(@PATH, 103, -7881.143, 1300.394, 338.8939, NULL, -590),
(@PATH, 104, -7873.092, 1300.528, 338.929, NULL, -1382),
(@PATH, 105, -7864.866, 1300.524, 338.907, NULL, -1050),
(@PATH, 106, -7861.866, 1299.931, 338.8307, NULL, -1065),
(@PATH, 107, -7857.518, 1298.873, 338.9271, NULL, -1668),
(@PATH, 108, -7855.948, 1296.469, 340.0026, NULL, -1623),
(@PATH, 109, -7854.58, 1293.767, 340.9899, NULL, -1630),
(@PATH, 110, -7853.491, 1291.102, 341.6073, NULL, -1655),
(@PATH, 111, -7852.777, 1288.286, 342.3914, NULL, -1659),
(@PATH, 112, -7852.734, 1285.504, 343.2705, NULL, -1618),
(@PATH, 113, -7852.34, 1281.38, 343.4205, NULL, -863),
(@PATH, 114, -7849.528, 1279.859, 343.4193, NULL, -944),
(@PATH, 115, -7837.253, 1276.924, 343.4189, NULL, 8596),
(@PATH, 116, -7846.018, 1279.769, 343.4193, NULL, -1401),
(@PATH, 117, -7852.905, 1282.254, 343.421, NULL, -1616),
(@PATH, 118, -7852.759, 1284.957, 343.4159, NULL, -1642),
(@PATH, 119, -7852.844, 1287.606, 342.6082, NULL, -1534),
(@PATH, 120, -7853.229, 1290.332, 341.7832, NULL, -1500),
(@PATH, 121, -7853.87, 1292.938, 341.2007, NULL, -1399),
(@PATH, 122, -7855.224, 1295.969, 340.3858, NULL, -1560),
(@PATH, 123, -7858.026, 1298.47, 338.877, NULL, -736),
(@PATH, 124, -7861.931, 1299.847, 338.834, NULL, -1200),
(@PATH, 125, -7872.624, 1300.335, 338.8302, NULL, 0);

DELETE FROM `waypoint_data_addon` WHERE `PathID`= @PATH;
INSERT INTO `waypoint_data_addon` (`PathID`, `PointID`, `SplinePointIndex`, `PositionX`, `PositionY`, `PositionZ`) VALUES
(@PATH, 0, 0, -7920.508, 1277.366, 343.669),
(@PATH, 1, 0, -7920.411, 1277.579, 343.6688),
(@PATH, 1, 1, -7917.911, 1278.079, 343.6688),
(@PATH, 1, 2, -7912.161, 1278.829, 343.6688),
(@PATH, 2, 0, -7911.91, 1279.172, 343.6697),
(@PATH, 2, 1, -7909.91, 1279.422, 343.6697),
(@PATH, 3, 0, -7907.66, 1281.383, 343.6677),
(@PATH, 3, 1, -7907.66, 1282.883, 343.6677),
(@PATH, 4, 0, -7907.711, 1283.113, 343.4842),
(@PATH, 4, 1, -7907.711, 1284.363, 343.4842),
(@PATH, 5, 0, -7907.413, 1287.357, 342.8002),
(@PATH, 5, 1, -7907.413, 1288.607, 342.5502),
(@PATH, 6, 0, -7907.275, 1288.892, 342.3117),
(@PATH, 6, 1, -7907.025, 1290.392, 341.8117),
(@PATH, 7, 0, -7905.985, 1293.021, 341.2349),
(@PATH, 7, 1, -7905.235, 1294.771, 340.9849),
(@PATH, 8, 0, -7905.079, 1294.886, 340.7988),
(@PATH, 8, 1, -7904.579, 1295.636, 340.2988),
(@PATH, 9, 0, -7904.381, 1295.924, 340.2873),
(@PATH, 9, 1, -7902.631, 1297.924, 339.5373),
(@PATH, 9, 2, -7902.131, 1297.924, 339.2873),
(@PATH, 10, 0, -7898.296, 1299.381, 339.1013),
(@PATH, 10, 1, -7897.546, 1299.631, 339.1013),
(@PATH, 11, 0, -7893.368, 1299.988, 339.1103),
(@PATH, 11, 1, -7891.118, 1299.988, 339.1103),
(@PATH, 11, 2, -7890.618, 1299.988, 339.1103),
(@PATH, 11, 3, -7885.618, 1300.238, 338.8603),
(@PATH, 12, 0, -7880.799, 1300.397, 339.1243),
(@PATH, 13, 0, -7872.941, 1300.498, 339.1605),
(@PATH, 13, 1, -7868.191, 1300.498, 339.1605),
(@PATH, 14, 0, -7864.642, 1300.478, 339.118),
(@PATH, 14, 1, -7864.392, 1300.478, 339.118),
(@PATH, 14, 2, -7862.892, 1300.228, 339.118),
(@PATH, 15, 0, -7862.481, 1300.157, 339.1449),
(@PATH, 15, 1, -7861.731, 1299.907, 338.8949),
(@PATH, 15, 2, -7857.731, 1299.157, 338.8949),
(@PATH, 16, 0, -7857.652, 1298.888, 339.1657),
(@PATH, 16, 1, -7857.402, 1298.888, 339.4157),
(@PATH, 17, 0, -7857.41, 1298.908, 339.1536),
(@PATH, 17, 1, -7857.16, 1298.908, 339.4036),
(@PATH, 17, 2, -7855.91, 1296.408, 340.1536),
(@PATH, 17, 3, -7855.66, 1296.408, 340.4036),
(@PATH, 17, 4, -7855.41, 1295.408, 340.9036),
(@PATH, 18, 0, -7855.711, 1296.405, 340.3895),
(@PATH, 18, 1, -7855.461, 1296.155, 340.6395),
(@PATH, 18, 2, -7854.961, 1295.155, 340.8895),
(@PATH, 18, 3, -7854.461, 1293.905, 341.1395),
(@PATH, 19, 0, -7854.43, 1293.773, 341.3248),
(@PATH, 19, 1, -7853.43, 1291.273, 341.8248),
(@PATH, 19, 2, -7852.93, 1289.273, 342.3248),
(@PATH, 20, 0, -7853.313, 1291.042, 342.0757),
(@PATH, 20, 1, -7853.063, 1289.042, 342.3257),
(@PATH, 20, 2, -7852.813, 1288.542, 342.5757),
(@PATH, 21, 0, -7852.682, 1288.318, 342.7206),
(@PATH, 21, 1, -7852.682, 1285.568, 343.4706),
(@PATH, 21, 2, -7852.682, 1285.318, 343.4706),
(@PATH, 21, 3, -7852.432, 1283.568, 343.4706),
(@PATH, 22, 0, -7852.024, 1281.563, 343.673),
(@PATH, 23, 0, -7849.321, 1279.895, 343.6695),
(@PATH, 23, 1, -7848.071, 1279.645, 343.6695),
(@PATH, 23, 2, -7840.821, 1277.895, 343.6695),
(@PATH, 24, 0, -7840.136, 1278.096, 343.6691),
(@PATH, 25, 0, -7845.955, 1280.022, 343.6698),
(@PATH, 25, 1, -7849.455, 1281.022, 343.6698),
(@PATH, 26, 0, -7849.747, 1281.353, 343.6678),
(@PATH, 26, 1, -7852.747, 1282.603, 343.6678),
(@PATH, 27, 0, -7852.71, 1282.44, 343.5143),
(@PATH, 27, 1, -7852.46, 1284.94, 343.5143),
(@PATH, 28, 0, -7852.775, 1285.312, 343.6006),
(@PATH, 28, 1, -7852.775, 1287.562, 342.8506),
(@PATH, 28, 2, -7853.025, 1288.312, 342.6006),
(@PATH, 28, 3, -7853.025, 1289.062, 342.3506),
(@PATH, 29, 0, -7852.842, 1287.808, 342.7957),
(@PATH, 29, 1, -7852.842, 1288.558, 342.5457),
(@PATH, 29, 2, -7853.092, 1289.308, 342.2957),
(@PATH, 29, 3, -7853.342, 1290.308, 342.0457),
(@PATH, 30, 0, -7853.169, 1290.49, 341.9287),
(@PATH, 30, 1, -7853.919, 1292.99, 341.4287),
(@PATH, 30, 2, -7854.919, 1295.49, 340.9287),
(@PATH, 31, 0, -7853.877, 1293.166, 341.3532),
(@PATH, 31, 1, -7855.127, 1295.666, 340.8532),
(@PATH, 31, 2, -7855.127, 1295.916, 340.6032),
(@PATH, 31, 3, -7855.377, 1296.166, 340.3532),
(@PATH, 32, 0, -7858.01, 1298.518, 339.2324),
(@PATH, 33, 0, -7862.01, 1299.806, 339.0988),
(@PATH, 33, 1, -7862.76, 1299.806, 339.0988),
(@PATH, 33, 2, -7869.01, 1300.056, 339.0988),
(@PATH, 34, 0, -7872.595, 1300.278, 339.0699),
(@PATH, 35, 0, -7879.348, 1300.217, 339.0736),
(@PATH, 35, 1, -7880.348, 1300.217, 339.0736),
(@PATH, 36, 0, -7889.458, 1300.201, 339.0648),
(@PATH, 36, 1, -7890.708, 1299.951, 339.0648),
(@PATH, 36, 2, -7891.458, 1299.951, 339.0648),
(@PATH, 36, 3, -7897.708, 1299.951, 339.0648),
(@PATH, 37, 0, -7897.933, 1299.846, 339.1315),
(@PATH, 37, 1, -7898.683, 1299.596, 338.8815),
(@PATH, 38, 0, -7902.929, 1298.243, 339.2226),
(@PATH, 39, 0, -7904.755, 1296.096, 340.1479),
(@PATH, 39, 1, -7904.755, 1295.846, 340.3979),
(@PATH, 39, 2, -7905.005, 1295.096, 340.8979),
(@PATH, 40, 0, -7905.452, 1294.79, 341.0195),
(@PATH, 40, 1, -7905.952, 1293.04, 341.2695),
(@PATH, 41, 0, -7906.638, 1290.04, 341.8362),
(@PATH, 41, 1, -7906.638, 1289.04, 342.0862),
(@PATH, 42, 0, -7906.997, 1288.899, 342.4596),
(@PATH, 42, 1, -7906.997, 1287.649, 342.7096),
(@PATH, 43, 0, -7907.239, 1285.456, 343.2776),
(@PATH, 43, 1, -7907.489, 1284.456, 343.5276),
(@PATH, 44, 0, -7908.307, 1281.545, 343.6682),
(@PATH, 44, 1, -7910.807, 1280.295, 343.6682),
(@PATH, 45, 0, -7913.685, 1278.795, 343.6693),
(@PATH, 45, 1, -7919.685, 1277.545, 343.6693),
(@PATH, 46, 0, -7920.508, 1277.366, 343.669),
(@PATH, 47, 0, -7920.425, 1277.574, 343.6688),
(@PATH, 47, 1, -7917.925, 1278.324, 343.6688),
(@PATH, 47, 2, -7912.175, 1278.824, 343.6688),
(@PATH, 48, 0, -7911.929, 1279.17, 343.6697),
(@PATH, 48, 1, -7909.929, 1279.42, 343.6697),
(@PATH, 49, 0, -7907.701, 1281.346, 343.6677),
(@PATH, 49, 1, -7907.701, 1282.846, 343.6677),
(@PATH, 50, 0, -7907.711, 1283.059, 343.4842),
(@PATH, 50, 1, -7907.711, 1284.559, 343.4842),
(@PATH, 51, 0, -7907.413, 1287.317, 342.8003),
(@PATH, 51, 1, -7907.413, 1288.567, 342.5503),
(@PATH, 52, 0, -7907.275, 1288.826, 342.3314),
(@PATH, 52, 1, -7907.025, 1290.326, 341.8314),
(@PATH, 53, 0, -7905.999, 1292.947, 341.252),
(@PATH, 53, 1, -7905.249, 1294.697, 341.002),
(@PATH, 54, 0, -7905.1, 1295.066, 340.8146),
(@PATH, 54, 1, -7904.6, 1295.566, 340.3146),
(@PATH, 55, 0, -7904.419, 1295.867, 340.3216),
(@PATH, 55, 1, -7902.669, 1297.867, 339.3216),
(@PATH, 55, 2, -7902.169, 1297.867, 339.3216),
(@PATH, 56, 0, -7898.123, 1299.602, 339.1022),
(@PATH, 56, 1, -7897.623, 1299.602, 339.1022),
(@PATH, 57, 0, -7893.455, 1299.978, 339.1096),
(@PATH, 57, 1, -7890.955, 1299.978, 339.1096),
(@PATH, 57, 2, -7890.455, 1300.228, 339.1096),
(@PATH, 57, 3, -7885.705, 1300.228, 339.1096),
(@PATH, 58, 0, -7880.896, 1300.438, 339.1482),
(@PATH, 59, 0, -7872.764, 1300.496, 339.1602),
(@PATH, 59, 1, -7868.264, 1300.496, 339.1602),
(@PATH, 60, 0, -7864.726, 1300.478, 339.1179),
(@PATH, 60, 1, -7864.476, 1300.478, 339.1179),
(@PATH, 60, 2, -7862.726, 1300.228, 339.1179),
(@PATH, 61, 0, -7862.557, 1300.172, 339.1529),
(@PATH, 61, 1, -7861.557, 1299.922, 338.9029),
(@PATH, 61, 2, -7857.807, 1299.172, 338.9029),
(@PATH, 62, 0, -7857.733, 1298.907, 339.166),
(@PATH, 62, 1, -7857.483, 1298.907, 339.416),
(@PATH, 63, 0, -7857.487, 1298.927, 339.1539),
(@PATH, 63, 1, -7857.237, 1298.927, 339.4039),
(@PATH, 63, 2, -7855.987, 1296.427, 340.1539),
(@PATH, 63, 3, -7855.737, 1296.427, 340.4039),
(@PATH, 63, 4, -7855.237, 1295.427, 340.9039),
(@PATH, 64, 0, -7855.756, 1296.474, 340.3589),
(@PATH, 64, 1, -7855.506, 1296.224, 340.6089),
(@PATH, 64, 2, -7855.006, 1295.224, 340.8589),
(@PATH, 64, 3, -7854.506, 1293.974, 341.1089),
(@PATH, 65, 0, -7854.215, 1293.842, 341.3088),
(@PATH, 65, 1, -7853.465, 1291.342, 341.8088),
(@PATH, 65, 2, -7852.965, 1289.342, 342.3088),
(@PATH, 66, 0, -7853.334, 1291.096, 342.0632),
(@PATH, 66, 1, -7853.084, 1289.096, 342.3132),
(@PATH, 66, 2, -7852.834, 1288.596, 342.5632),
(@PATH, 67, 0, -7852.699, 1288.386, 342.7055),
(@PATH, 67, 1, -7852.699, 1285.386, 343.4555),
(@PATH, 67, 2, -7852.699, 1285.386, 343.7055),
(@PATH, 67, 3, -7852.449, 1283.636, 343.7055),
(@PATH, 68, 0, -7852.291, 1283.239, 343.6723),
(@PATH, 68, 1, -7852.041, 1281.739, 343.6723),
(@PATH, 69, 0, -7849.213, 1279.971, 343.6695),
(@PATH, 69, 1, -7847.963, 1279.471, 343.6695),
(@PATH, 69, 2, -7840.713, 1277.971, 343.6695),
(@PATH, 70, 0, -7840.136, 1278.096, 343.6691),
(@PATH, 71, 0, -7845.966, 1280.026, 343.6698),
(@PATH, 71, 1, -7849.466, 1281.026, 343.6698),
(@PATH, 72, 0, -7849.506, 1281.356, 343.6678),
(@PATH, 72, 1, -7852.756, 1282.606, 343.6678),
(@PATH, 73, 0, -7852.733, 1282.449, 343.5143),
(@PATH, 73, 1, -7852.483, 1284.949, 343.5143),
(@PATH, 74, 0, -7852.773, 1285.102, 343.6006),
(@PATH, 74, 1, -7852.773, 1287.602, 342.8506),
(@PATH, 74, 2, -7853.023, 1288.102, 342.6006),
(@PATH, 74, 3, -7853.023, 1289.102, 342.3506),
(@PATH, 75, 0, -7852.843, 1287.856, 342.7813),
(@PATH, 75, 1, -7852.843, 1288.356, 342.5313),
(@PATH, 75, 2, -7853.093, 1289.356, 342.2813),
(@PATH, 75, 3, -7853.343, 1290.356, 342.0313),
(@PATH, 76, 0, -7853.176, 1290.543, 341.9164),
(@PATH, 76, 1, -7853.926, 1293.043, 341.4164),
(@PATH, 76, 2, -7854.676, 1295.543, 340.9164),
(@PATH, 77, 0, -7853.894, 1293.235, 341.3378),
(@PATH, 77, 1, -7855.144, 1295.485, 340.8378),
(@PATH, 77, 2, -7855.144, 1295.985, 340.5878),
(@PATH, 77, 3, -7855.394, 1296.235, 340.3378),
(@PATH, 78, 0, -7858.064, 1298.566, 339.204),
(@PATH, 79, 0, -7861.832, 1299.832, 339.098),
(@PATH, 79, 1, -7862.832, 1299.832, 339.098),
(@PATH, 79, 2, -7869.082, 1300.082, 339.098),
(@PATH, 80, 0, -7872.7, 1300.283, 339.0693),
(@PATH, 81, 0, -7879.479, 1300.216, 339.073),
(@PATH, 81, 1, -7880.229, 1300.216, 339.073),
(@PATH, 82, 0, -7889.34, 1300.198, 339.0655),
(@PATH, 82, 1, -7890.59, 1299.948, 339.0655),
(@PATH, 82, 2, -7891.34, 1299.948, 339.0655),
(@PATH, 82, 3, -7897.59, 1299.948, 339.0655),
(@PATH, 83, 0, -7897.804, 1299.84, 339.1321),
(@PATH, 83, 1, -7898.554, 1299.84, 338.8821),
(@PATH, 84, 0, -7902.775, 1298.211, 339.2245),
(@PATH, 85, 0, -7904.816, 1296.027, 340.1836),
(@PATH, 85, 1, -7904.816, 1295.777, 340.4336),
(@PATH, 85, 2, -7905.066, 1295.027, 340.6836),
(@PATH, 86, 0, -7905.234, 1294.952, 341.0644),
(@PATH, 86, 1, -7905.984, 1292.952, 341.3144),
(@PATH, 87, 0, -7906.662, 1290.195, 341.8576),
(@PATH, 87, 1, -7906.662, 1288.945, 342.1076),
(@PATH, 88, 0, -7907.012, 1288.794, 342.4825),
(@PATH, 88, 1, -7907.012, 1287.544, 342.7325),
(@PATH, 89, 0, -7907.24, 1285.355, 343.3094),
(@PATH, 89, 1, -7907.49, 1284.605, 343.5594),
(@PATH, 90, 0, -7908.333, 1281.45, 343.6683),
(@PATH, 90, 1, -7910.833, 1280.2, 343.6683),
(@PATH, 91, 0, -7913.539, 1278.746, 343.6693),
(@PATH, 91, 1, -7919.789, 1277.496, 343.6693),
(@PATH, 92, 0, -7920.508, 1277.366, 343.669),
(@PATH, 93, 0, -7920.43, 1277.572, 343.6688),
(@PATH, 93, 1, -7917.93, 1278.322, 343.6688),
(@PATH, 93, 2, -7912.18, 1278.822, 343.6688),
(@PATH, 94, 0, -7911.943, 1279.169, 343.6697),
(@PATH, 94, 1, -7909.943, 1279.419, 343.6697),
(@PATH, 95, 0, -7907.713, 1281.335, 343.6677),
(@PATH, 95, 1, -7907.713, 1282.835, 343.6677),
(@PATH, 96, 0, -7907.711, 1283.041, 343.4842),
(@PATH, 96, 1, -7907.711, 1284.541, 343.4842),
(@PATH, 97, 0, -7907.414, 1287.289, 342.8004),
(@PATH, 97, 1, -7907.414, 1288.539, 342.5504),
(@PATH, 98, 0, -7907.275, 1288.828, 342.3306),
(@PATH, 98, 1, -7907.025, 1290.328, 341.8306),
(@PATH, 99, 0, -7905.998, 1292.957, 341.2498),
(@PATH, 99, 1, -7905.248, 1294.707, 340.9998),
(@PATH, 100, 0, -7905.101, 1295.065, 340.8149),
(@PATH, 100, 1, -7904.601, 1295.565, 340.3149),
(@PATH, 101, 0, -7904.424, 1295.859, 340.3264),
(@PATH, 101, 1, -7902.674, 1297.859, 339.3264),
(@PATH, 101, 2, -7902.174, 1297.859, 339.3264),
(@PATH, 102, 0, -7898.123, 1299.602, 339.1022),
(@PATH, 102, 1, -7897.623, 1299.602, 339.1022),
(@PATH, 103, 0, -7893.447, 1299.979, 339.1096),
(@PATH, 103, 1, -7890.947, 1299.979, 339.1096),
(@PATH, 103, 2, -7890.447, 1300.229, 339.1096),
(@PATH, 103, 3, -7885.697, 1300.229, 339.1096),
(@PATH, 104, 0, -7880.868, 1300.439, 339.1487),
(@PATH, 105, 0, -7872.721, 1300.497, 339.1604),
(@PATH, 105, 1, -7868.221, 1300.497, 339.1604),
(@PATH, 106, 0, -7864.681, 1300.478, 339.1179),
(@PATH, 106, 1, -7864.431, 1300.478, 339.1179),
(@PATH, 106, 2, -7862.681, 1300.228, 339.1179),
(@PATH, 107, 0, -7862.512, 1300.163, 339.1481),
(@PATH, 107, 1, -7861.512, 1299.913, 338.8981),
(@PATH, 107, 2, -7857.762, 1299.163, 338.8981),
(@PATH, 108, 0, -7857.681, 1298.895, 339.1658),
(@PATH, 108, 1, -7857.431, 1298.895, 339.4158),
(@PATH, 109, 0, -7857.441, 1298.916, 339.1537),
(@PATH, 109, 1, -7857.191, 1298.916, 339.4037),
(@PATH, 109, 2, -7855.941, 1296.416, 340.1537),
(@PATH, 109, 3, -7855.691, 1296.416, 340.4037),
(@PATH, 109, 4, -7855.191, 1295.416, 340.9037),
(@PATH, 110, 0, -7855.726, 1296.428, 340.3796),
(@PATH, 110, 1, -7855.476, 1296.178, 340.6296),
(@PATH, 110, 2, -7854.976, 1295.178, 340.8796),
(@PATH, 110, 3, -7854.476, 1293.928, 341.1296),
(@PATH, 111, 0, -7854.446, 1293.805, 341.3173),
(@PATH, 111, 1, -7853.446, 1291.305, 341.8173),
(@PATH, 111, 2, -7852.946, 1289.305, 342.3173),
(@PATH, 112, 0, -7853.326, 1291.075, 342.068),
(@PATH, 112, 1, -7853.076, 1289.075, 342.318),
(@PATH, 112, 2, -7852.826, 1288.575, 342.568),
(@PATH, 113, 0, -7852.692, 1288.359, 342.7114),
(@PATH, 113, 1, -7852.692, 1285.609, 343.4614),
(@PATH, 113, 2, -7852.692, 1285.359, 343.4614),
(@PATH, 113, 3, -7852.442, 1283.609, 343.7114),
(@PATH, 114, 0, -7852.038, 1281.707, 343.6724),
(@PATH, 115, 0, -7849.188, 1279.958, 343.6695),
(@PATH, 115, 1, -7848.188, 1279.458, 343.6695),
(@PATH, 115, 2, -7840.688, 1277.958, 343.6695),
(@PATH, 116, 0, -7840.136, 1278.096, 343.6691),
(@PATH, 117, 0, -7845.959, 1280.024, 343.6698),
(@PATH, 117, 1, -7849.459, 1281.024, 343.6698),
(@PATH, 118, 0, -7849.51, 1281.358, 343.6678),
(@PATH, 118, 1, -7852.76, 1282.608, 343.6678),
(@PATH, 119, 0, -7852.722, 1282.444, 343.5143),
(@PATH, 119, 1, -7852.472, 1284.944, 343.5143),
(@PATH, 120, 0, -7852.774, 1285.328, 343.6006),
(@PATH, 120, 1, -7852.774, 1287.578, 342.8506),
(@PATH, 120, 2, -7853.024, 1288.078, 342.6006),
(@PATH, 120, 3, -7853.024, 1289.078, 342.3506),
(@PATH, 121, 0, -7852.843, 1287.844, 342.7848),
(@PATH, 121, 1, -7852.843, 1288.344, 342.5348),
(@PATH, 121, 2, -7853.093, 1289.344, 342.2848),
(@PATH, 121, 3, -7853.343, 1290.344, 342.0348),
(@PATH, 122, 0, -7853.175, 1290.533, 341.9188),
(@PATH, 122, 1, -7853.925, 1293.033, 341.4188),
(@PATH, 122, 2, -7854.925, 1295.533, 340.9188),
(@PATH, 123, 0, -7853.893, 1293.229, 341.3393),
(@PATH, 123, 1, -7855.143, 1295.479, 340.8393),
(@PATH, 123, 2, -7855.143, 1295.979, 340.5893),
(@PATH, 123, 3, -7855.393, 1296.229, 340.3393),
(@PATH, 124, 0, -7858.067, 1298.568, 339.2026),
(@PATH, 125, 0, -7861.847, 1299.837, 339.0979),
(@PATH, 125, 1, -7862.847, 1299.837, 339.0979),
(@PATH, 125, 2, -7869.097, 1300.087, 339.0979);

UPDATE `creature` SET `position_x`= -7918.184, `position_y`= 1278.201, `position_z`= 343.419, `orientation`= NULL, `spawndist`= 0, `MovementType`= 2 WHERE `guid`= @CGUID;
DELETE FROM `creature_addon` WHERE `guid`= @CGUID;
INSERT INTO `creature_addon` (`guid`, `waypointPathId`, `bytes2`) VALUES
(@CGUID, @PATH, 1);








SET @CGUID := xxxxxx;
SET @PATH := @CGUID * 10;
DELETE FROM `waypoint_data` WHERE `id`= @PATH;
INSERT INTO `waypoint_data` (`id`, `point`, `position_x`, `position_y`, `position_z`, `orientation`, `delay`) VALUES
(@PATH, 0, -7918.184, 1278.201, 343.419, NULL, -1388),
(@PATH, 1, -7909.846, 1279.118, 343.4194, NULL, -1286),
(@PATH, 2, -7907.689, 1281.033, 343.4207, NULL, -849),
(@PATH, 3, -7907.675, 1284.469, 343.4159, NULL, -1203),
(@PATH, 4, -7907.734, 1287.304, 342.5475, NULL, -1197),
(@PATH, 5, -7907.151, 1290.3, 341.6843, NULL, -1267),
(@PATH, 6, -7906.318, 1292.972, 341.079, NULL, -1326),
(@PATH, 7, -7904.79, 1295.391, 340.2517, NULL, -1065),
(@PATH, 8, -7902.833, 1297.823, 339.0133, NULL, -1343),
(@PATH, 9, -7898.484, 1299.481, 338.8192, NULL, -795),
(@PATH, 10, -7893.649, 1300.028, 338.8591, NULL, -1566),
(@PATH, 11, -7881.143, 1300.394, 338.8939, NULL, -1761),
(@PATH, 12, -7873.092, 1300.528, 338.929, NULL, -1315),
(@PATH, 13, -7864.866, 1300.524, 338.907, NULL, -1013),
(@PATH, 14, -7861.866, 1299.931, 338.8307, NULL, -1043),
(@PATH, 15, -7857.518, 1298.873, 338.9271, NULL, -1777),
(@PATH, 16, -7855.948, 1296.469, 340.0026, NULL, -1461),
(@PATH, 17, -7854.58, 1293.767, 340.9899, NULL, -1608),
(@PATH, 18, -7853.491, 1291.102, 341.6073, NULL, -1623),
(@PATH, 19, -7852.777, 1288.286, 342.3914, NULL, -1632),
(@PATH, 20, -7852.734, 1285.504, 343.2705, NULL, -1577),
(@PATH, 21, -7852.34, 1281.38, 343.4205, NULL, -742),
(@PATH, 22, -7849.528, 1279.859, 343.4193, NULL, -834),
(@PATH, 23, -7837.253, 1276.924, 343.4189, NULL, 9905),
(@PATH, 24, -7846.018, 1279.769, 343.4193, NULL, -1261),
(@PATH, 25, -7852.905, 1282.254, 343.421, NULL, -1768),
(@PATH, 26, -7852.759, 1284.957, 343.4159, NULL, -1791),
(@PATH, 27, -7852.844, 1287.606, 342.6082, NULL, -1394),
(@PATH, 28, -7853.229, 1290.332, 341.7832, NULL, -1532),
(@PATH, 29, -7853.87, 1292.938, 341.2007, NULL, -1426),
(@PATH, 30, -7855.224, 1295.969, 340.3858, NULL, -1612),
(@PATH, 31, -7858.026, 1298.47, 338.877, NULL, -807),
(@PATH, 32, -7861.931, 1299.847, 338.834, NULL, -1267),
(@PATH, 33, -7872.624, 1300.335, 338.8302, NULL, -723),
(@PATH, 34, -7879.412, 1300.306, 338.7977, NULL, -1192),
(@PATH, 35, -7889.403, 1300.116, 338.837, NULL, -1249),
(@PATH, 36, -7898.603, 1299.717, 338.8099, NULL, -1461),
(@PATH, 37, -7902.866, 1298.318, 338.8956, NULL, -801),
(@PATH, 38, -7904.924, 1296.033, 340.0885, NULL, -918),
(@PATH, 39, -7906.042, 1293.042, 341.0515, NULL, -1068),
(@PATH, 40, -7906.772, 1290.102, 341.7087, NULL, -1110),
(@PATH, 41, -7907.167, 1287.314, 342.5593, NULL, -1102),
(@PATH, 42, -7907.198, 1285.37, 343.1724, NULL, -858),
(@PATH, 43, -7908.307, 1281.337, 343.4207, NULL, -1035),
(@PATH, 44, -7913.603, 1278.858, 343.4189, NULL, -1125),
(@PATH, 45, -7924.332, 1276.031, 343.4189, NULL, 6443),
(@PATH, 46, -7918.184, 1278.201, 343.419, NULL, -1251),
(@PATH, 47, -7909.846, 1279.118, 343.4194, NULL, -1126),
(@PATH, 48, -7907.689, 1281.033, 343.4207, NULL, -1072),
(@PATH, 49, -7907.675, 1284.469, 343.4159, NULL, -1264),
(@PATH, 50, -7907.734, 1287.304, 342.5475, NULL, -1221),
(@PATH, 51, -7907.151, 1290.3, 341.6843, NULL, -1312),
(@PATH, 52, -7906.318, 1292.972, 341.079, NULL, -1263),
(@PATH, 53, -7904.79, 1295.391, 340.2517, NULL, -1258),
(@PATH, 54, -7902.833, 1297.823, 339.0133, NULL, -1402),
(@PATH, 55, -7898.484, 1299.481, 338.8192, NULL, -876),
(@PATH, 56, -7893.649, 1300.028, 338.8591, NULL, -1640),
(@PATH, 57, -7881.143, 1300.394, 338.8939, NULL, -607),
(@PATH, 58, -7873.092, 1300.528, 338.929, NULL, -1418),
(@PATH, 59, -7864.866, 1300.524, 338.907, NULL, -1086),
(@PATH, 60, -7861.866, 1299.931, 338.8307, NULL, -1143),
(@PATH, 61, -7857.518, 1298.873, 338.9271, NULL, -1821),
(@PATH, 62, -7855.948, 1296.469, 340.0026, NULL, -1510),
(@PATH, 63, -7854.58, 1293.767, 340.9899, NULL, -1669),
(@PATH, 64, -7853.491, 1291.102, 341.6073, NULL, -1697),
(@PATH, 65, -7852.777, 1288.286, 342.3914, NULL, -1678),
(@PATH, 66, -7852.734, 1285.504, 343.2705, NULL, -1637),
(@PATH, 67, -7852.34, 1281.38, 343.4205, NULL, -891),
(@PATH, 68, -7849.528, 1279.859, 343.4193, NULL, -959),
(@PATH, 69, -7837.253, 1276.924, 343.4189, NULL, 12207),
(@PATH, 70, -7846.018, 1279.769, 343.4193, NULL, -1247),
(@PATH, 71, -7852.905, 1282.254, 343.421, NULL, -1751),
(@PATH, 72, -7852.759, 1284.957, 343.4159, NULL, -1630),
(@PATH, 73, -7852.844, 1287.606, 342.6082, NULL, -1518),
(@PATH, 74, -7853.229, 1290.332, 341.7832, NULL, -1493),
(@PATH, 75, -7853.87, 1292.938, 341.2007, NULL, -1378),
(@PATH, 76, -7855.224, 1295.969, 340.3858, NULL, -1557),
(@PATH, 77, -7858.026, 1298.47, 338.877, NULL, -742),
(@PATH, 78, -7861.931, 1299.847, 338.834, NULL, -1208),
(@PATH, 79, -7872.624, 1300.335, 338.8302, NULL, -810),
(@PATH, 80, -7879.412, 1300.306, 338.7977, NULL, -773),
(@PATH, 81, -7889.403, 1300.116, 338.837, NULL, -1296),
(@PATH, 82, -7898.603, 1299.717, 338.8099, NULL, -1362),
(@PATH, 83, -7902.866, 1298.318, 338.8956, NULL, -711),
(@PATH, 84, -7904.924, 1296.033, 340.0885, NULL, -842),
(@PATH, 85, -7906.042, 1293.042, 341.0515, NULL, -987),
(@PATH, 86, -7906.772, 1290.102, 341.7087, NULL, -1187),
(@PATH, 87, -7907.167, 1287.314, 342.5593, NULL, -856),
(@PATH, 88, -7907.198, 1285.37, 343.1724, NULL, -629),
(@PATH, 89, -7908.307, 1281.337, 343.4207, NULL, -1110),
(@PATH, 90, -7913.603, 1278.858, 343.4189, NULL, -1024),
(@PATH, 91, -7924.332, 1276.031, 343.4189, NULL, 9104),
(@PATH, 92, -7918.184, 1278.201, 343.419, NULL, -1402),
(@PATH, 93, -7909.846, 1279.118, 343.4194, NULL, -1248),
(@PATH, 94, -7907.689, 1281.033, 343.4207, NULL, -973),
(@PATH, 95, -7907.675, 1284.469, 343.4159, NULL, -1275),
(@PATH, 96, -7907.734, 1287.304, 342.5475, NULL, -1253),
(@PATH, 97, -7907.151, 1290.3, 341.6843, NULL, -1315),
(@PATH, 98, -7906.318, 1292.972, 341.079, NULL, -1403),
(@PATH, 99, -7904.79, 1295.391, 340.2517, NULL, -1107),
(@PATH, 100, -7902.833, 1297.823, 339.0133, NULL, -1404),
(@PATH, 101, -7898.484, 1299.481, 338.8192, NULL, -1033),
(@PATH, 102, -7893.649, 1300.028, 338.8591, NULL, -1472),
(@PATH, 103, -7881.143, 1300.394, 338.8939, NULL, -590),
(@PATH, 104, -7873.092, 1300.528, 338.929, NULL, -1382),
(@PATH, 105, -7864.866, 1300.524, 338.907, NULL, -1050),
(@PATH, 106, -7861.866, 1299.931, 338.8307, NULL, -1065),
(@PATH, 107, -7857.518, 1298.873, 338.9271, NULL, -1668),
(@PATH, 108, -7855.948, 1296.469, 340.0026, NULL, -1623),
(@PATH, 109, -7854.58, 1293.767, 340.9899, NULL, -1630),
(@PATH, 110, -7853.491, 1291.102, 341.6073, NULL, -1655),
(@PATH, 111, -7852.777, 1288.286, 342.3914, NULL, -1659),
(@PATH, 112, -7852.734, 1285.504, 343.2705, NULL, -1618),
(@PATH, 113, -7852.34, 1281.38, 343.4205, NULL, -863),
(@PATH, 114, -7849.528, 1279.859, 343.4193, NULL, -944),
(@PATH, 115, -7837.253, 1276.924, 343.4189, NULL, 8596),
(@PATH, 116, -7846.018, 1279.769, 343.4193, NULL, -1401),
(@PATH, 117, -7852.905, 1282.254, 343.421, NULL, -1616),
(@PATH, 118, -7852.759, 1284.957, 343.4159, NULL, -1642),
(@PATH, 119, -7852.844, 1287.606, 342.6082, NULL, -1534),
(@PATH, 120, -7853.229, 1290.332, 341.7832, NULL, -1500),
(@PATH, 121, -7853.87, 1292.938, 341.2007, NULL, -1399),
(@PATH, 122, -7855.224, 1295.969, 340.3858, NULL, -1560),
(@PATH, 123, -7858.026, 1298.47, 338.877, NULL, -736),
(@PATH, 124, -7861.931, 1299.847, 338.834, NULL, -1200),
(@PATH, 125, -7872.624, 1300.335, 338.8302, NULL, 0);

DELETE FROM `waypoint_data_addon` WHERE `PathID`= @PATH;
INSERT INTO `waypoint_data_addon` (`PathID`, `PointID`, `SplinePointIndex`, `PositionX`, `PositionY`, `PositionZ`) VALUES
(@PATH, 0, 0, -7920.508, 1277.366, 343.669),
(@PATH, 1, 0, -7920.411, 1277.579, 343.6688),
(@PATH, 1, 1, -7917.911, 1278.079, 343.6688),
(@PATH, 1, 2, -7912.161, 1278.829, 343.6688),
(@PATH, 2, 0, -7911.91, 1279.172, 343.6697),
(@PATH, 2, 1, -7909.91, 1279.422, 343.6697),
(@PATH, 3, 0, -7907.66, 1281.383, 343.6677),
(@PATH, 3, 1, -7907.66, 1282.883, 343.6677),
(@PATH, 4, 0, -7907.711, 1283.113, 343.4842),
(@PATH, 4, 1, -7907.711, 1284.363, 343.4842),
(@PATH, 5, 0, -7907.413, 1287.357, 342.8002),
(@PATH, 5, 1, -7907.413, 1288.607, 342.5502),
(@PATH, 6, 0, -7907.275, 1288.892, 342.3117),
(@PATH, 6, 1, -7907.025, 1290.392, 341.8117),
(@PATH, 7, 0, -7905.985, 1293.021, 341.2349),
(@PATH, 7, 1, -7905.235, 1294.771, 340.9849),
(@PATH, 8, 0, -7905.079, 1294.886, 340.7988),
(@PATH, 8, 1, -7904.579, 1295.636, 340.2988),
(@PATH, 9, 0, -7904.381, 1295.924, 340.2873),
(@PATH, 9, 1, -7902.631, 1297.924, 339.5373),
(@PATH, 9, 2, -7902.131, 1297.924, 339.2873),
(@PATH, 10, 0, -7898.296, 1299.381, 339.1013),
(@PATH, 10, 1, -7897.546, 1299.631, 339.1013),
(@PATH, 11, 0, -7893.368, 1299.988, 339.1103),
(@PATH, 11, 1, -7891.118, 1299.988, 339.1103),
(@PATH, 11, 2, -7890.618, 1299.988, 339.1103),
(@PATH, 11, 3, -7885.618, 1300.238, 338.8603),
(@PATH, 12, 0, -7880.799, 1300.397, 339.1243),
(@PATH, 13, 0, -7872.941, 1300.498, 339.1605),
(@PATH, 13, 1, -7868.191, 1300.498, 339.1605),
(@PATH, 14, 0, -7864.642, 1300.478, 339.118),
(@PATH, 14, 1, -7864.392, 1300.478, 339.118),
(@PATH, 14, 2, -7862.892, 1300.228, 339.118),
(@PATH, 15, 0, -7862.481, 1300.157, 339.1449),
(@PATH, 15, 1, -7861.731, 1299.907, 338.8949),
(@PATH, 15, 2, -7857.731, 1299.157, 338.8949),
(@PATH, 16, 0, -7857.652, 1298.888, 339.1657),
(@PATH, 16, 1, -7857.402, 1298.888, 339.4157),
(@PATH, 17, 0, -7857.41, 1298.908, 339.1536),
(@PATH, 17, 1, -7857.16, 1298.908, 339.4036),
(@PATH, 17, 2, -7855.91, 1296.408, 340.1536),
(@PATH, 17, 3, -7855.66, 1296.408, 340.4036),
(@PATH, 17, 4, -7855.41, 1295.408, 340.9036),
(@PATH, 18, 0, -7855.711, 1296.405, 340.3895),
(@PATH, 18, 1, -7855.461, 1296.155, 340.6395),
(@PATH, 18, 2, -7854.961, 1295.155, 340.8895),
(@PATH, 18, 3, -7854.461, 1293.905, 341.1395),
(@PATH, 19, 0, -7854.43, 1293.773, 341.3248),
(@PATH, 19, 1, -7853.43, 1291.273, 341.8248),
(@PATH, 19, 2, -7852.93, 1289.273, 342.3248),
(@PATH, 20, 0, -7853.313, 1291.042, 342.0757),
(@PATH, 20, 1, -7853.063, 1289.042, 342.3257),
(@PATH, 20, 2, -7852.813, 1288.542, 342.5757),
(@PATH, 21, 0, -7852.682, 1288.318, 342.7206),
(@PATH, 21, 1, -7852.682, 1285.568, 343.4706),
(@PATH, 21, 2, -7852.682, 1285.318, 343.4706),
(@PATH, 21, 3, -7852.432, 1283.568, 343.4706),
(@PATH, 22, 0, -7852.024, 1281.563, 343.673),
(@PATH, 23, 0, -7849.321, 1279.895, 343.6695),
(@PATH, 23, 1, -7848.071, 1279.645, 343.6695),
(@PATH, 23, 2, -7840.821, 1277.895, 343.6695),
(@PATH, 24, 0, -7840.136, 1278.096, 343.6691),
(@PATH, 25, 0, -7845.955, 1280.022, 343.6698),
(@PATH, 25, 1, -7849.455, 1281.022, 343.6698),
(@PATH, 26, 0, -7849.747, 1281.353, 343.6678),
(@PATH, 26, 1, -7852.747, 1282.603, 343.6678),
(@PATH, 27, 0, -7852.71, 1282.44, 343.5143),
(@PATH, 27, 1, -7852.46, 1284.94, 343.5143),
(@PATH, 28, 0, -7852.775, 1285.312, 343.6006),
(@PATH, 28, 1, -7852.775, 1287.562, 342.8506),
(@PATH, 28, 2, -7853.025, 1288.312, 342.6006),
(@PATH, 28, 3, -7853.025, 1289.062, 342.3506),
(@PATH, 29, 0, -7852.842, 1287.808, 342.7957),
(@PATH, 29, 1, -7852.842, 1288.558, 342.5457),
(@PATH, 29, 2, -7853.092, 1289.308, 342.2957),
(@PATH, 29, 3, -7853.342, 1290.308, 342.0457),
(@PATH, 30, 0, -7853.169, 1290.49, 341.9287),
(@PATH, 30, 1, -7853.919, 1292.99, 341.4287),
(@PATH, 30, 2, -7854.919, 1295.49, 340.9287),
(@PATH, 31, 0, -7853.877, 1293.166, 341.3532),
(@PATH, 31, 1, -7855.127, 1295.666, 340.8532),
(@PATH, 31, 2, -7855.127, 1295.916, 340.6032),
(@PATH, 31, 3, -7855.377, 1296.166, 340.3532),
(@PATH, 32, 0, -7858.01, 1298.518, 339.2324),
(@PATH, 33, 0, -7862.01, 1299.806, 339.0988),
(@PATH, 33, 1, -7862.76, 1299.806, 339.0988),
(@PATH, 33, 2, -7869.01, 1300.056, 339.0988),
(@PATH, 34, 0, -7872.595, 1300.278, 339.0699),
(@PATH, 35, 0, -7879.348, 1300.217, 339.0736),
(@PATH, 35, 1, -7880.348, 1300.217, 339.0736),
(@PATH, 36, 0, -7889.458, 1300.201, 339.0648),
(@PATH, 36, 1, -7890.708, 1299.951, 339.0648),
(@PATH, 36, 2, -7891.458, 1299.951, 339.0648),
(@PATH, 36, 3, -7897.708, 1299.951, 339.0648),
(@PATH, 37, 0, -7897.933, 1299.846, 339.1315),
(@PATH, 37, 1, -7898.683, 1299.596, 338.8815),
(@PATH, 38, 0, -7902.929, 1298.243, 339.2226),
(@PATH, 39, 0, -7904.755, 1296.096, 340.1479),
(@PATH, 39, 1, -7904.755, 1295.846, 340.3979),
(@PATH, 39, 2, -7905.005, 1295.096, 340.8979),
(@PATH, 40, 0, -7905.452, 1294.79, 341.0195),
(@PATH, 40, 1, -7905.952, 1293.04, 341.2695),
(@PATH, 41, 0, -7906.638, 1290.04, 341.8362),
(@PATH, 41, 1, -7906.638, 1289.04, 342.0862),
(@PATH, 42, 0, -7906.997, 1288.899, 342.4596),
(@PATH, 42, 1, -7906.997, 1287.649, 342.7096),
(@PATH, 43, 0, -7907.239, 1285.456, 343.2776),
(@PATH, 43, 1, -7907.489, 1284.456, 343.5276),
(@PATH, 44, 0, -7908.307, 1281.545, 343.6682),
(@PATH, 44, 1, -7910.807, 1280.295, 343.6682),
(@PATH, 45, 0, -7913.685, 1278.795, 343.6693),
(@PATH, 45, 1, -7919.685, 1277.545, 343.6693),
(@PATH, 46, 0, -7920.508, 1277.366, 343.669),
(@PATH, 47, 0, -7920.425, 1277.574, 343.6688),
(@PATH, 47, 1, -7917.925, 1278.324, 343.6688),
(@PATH, 47, 2, -7912.175, 1278.824, 343.6688),
(@PATH, 48, 0, -7911.929, 1279.17, 343.6697),
(@PATH, 48, 1, -7909.929, 1279.42, 343.6697),
(@PATH, 49, 0, -7907.701, 1281.346, 343.6677),
(@PATH, 49, 1, -7907.701, 1282.846, 343.6677),
(@PATH, 50, 0, -7907.711, 1283.059, 343.4842),
(@PATH, 50, 1, -7907.711, 1284.559, 343.4842),
(@PATH, 51, 0, -7907.413, 1287.317, 342.8003),
(@PATH, 51, 1, -7907.413, 1288.567, 342.5503),
(@PATH, 52, 0, -7907.275, 1288.826, 342.3314),
(@PATH, 52, 1, -7907.025, 1290.326, 341.8314),
(@PATH, 53, 0, -7905.999, 1292.947, 341.252),
(@PATH, 53, 1, -7905.249, 1294.697, 341.002),
(@PATH, 54, 0, -7905.1, 1295.066, 340.8146),
(@PATH, 54, 1, -7904.6, 1295.566, 340.3146),
(@PATH, 55, 0, -7904.419, 1295.867, 340.3216),
(@PATH, 55, 1, -7902.669, 1297.867, 339.3216),
(@PATH, 55, 2, -7902.169, 1297.867, 339.3216),
(@PATH, 56, 0, -7898.123, 1299.602, 339.1022),
(@PATH, 56, 1, -7897.623, 1299.602, 339.1022),
(@PATH, 57, 0, -7893.455, 1299.978, 339.1096),
(@PATH, 57, 1, -7890.955, 1299.978, 339.1096),
(@PATH, 57, 2, -7890.455, 1300.228, 339.1096),
(@PATH, 57, 3, -7885.705, 1300.228, 339.1096),
(@PATH, 58, 0, -7880.896, 1300.438, 339.1482),
(@PATH, 59, 0, -7872.764, 1300.496, 339.1602),
(@PATH, 59, 1, -7868.264, 1300.496, 339.1602),
(@PATH, 60, 0, -7864.726, 1300.478, 339.1179),
(@PATH, 60, 1, -7864.476, 1300.478, 339.1179),
(@PATH, 60, 2, -7862.726, 1300.228, 339.1179),
(@PATH, 61, 0, -7862.557, 1300.172, 339.1529),
(@PATH, 61, 1, -7861.557, 1299.922, 338.9029),
(@PATH, 61, 2, -7857.807, 1299.172, 338.9029),
(@PATH, 62, 0, -7857.733, 1298.907, 339.166),
(@PATH, 62, 1, -7857.483, 1298.907, 339.416),
(@PATH, 63, 0, -7857.487, 1298.927, 339.1539),
(@PATH, 63, 1, -7857.237, 1298.927, 339.4039),
(@PATH, 63, 2, -7855.987, 1296.427, 340.1539),
(@PATH, 63, 3, -7855.737, 1296.427, 340.4039),
(@PATH, 63, 4, -7855.237, 1295.427, 340.9039),
(@PATH, 64, 0, -7855.756, 1296.474, 340.3589),
(@PATH, 64, 1, -7855.506, 1296.224, 340.6089),
(@PATH, 64, 2, -7855.006, 1295.224, 340.8589),
(@PATH, 64, 3, -7854.506, 1293.974, 341.1089),
(@PATH, 65, 0, -7854.215, 1293.842, 341.3088),
(@PATH, 65, 1, -7853.465, 1291.342, 341.8088),
(@PATH, 65, 2, -7852.965, 1289.342, 342.3088),
(@PATH, 66, 0, -7853.334, 1291.096, 342.0632),
(@PATH, 66, 1, -7853.084, 1289.096, 342.3132),
(@PATH, 66, 2, -7852.834, 1288.596, 342.5632),
(@PATH, 67, 0, -7852.699, 1288.386, 342.7055),
(@PATH, 67, 1, -7852.699, 1285.386, 343.4555),
(@PATH, 67, 2, -7852.699, 1285.386, 343.7055),
(@PATH, 67, 3, -7852.449, 1283.636, 343.7055),
(@PATH, 68, 0, -7852.291, 1283.239, 343.6723),
(@PATH, 68, 1, -7852.041, 1281.739, 343.6723),
(@PATH, 69, 0, -7849.213, 1279.971, 343.6695),
(@PATH, 69, 1, -7847.963, 1279.471, 343.6695),
(@PATH, 69, 2, -7840.713, 1277.971, 343.6695),
(@PATH, 70, 0, -7840.136, 1278.096, 343.6691),
(@PATH, 71, 0, -7845.966, 1280.026, 343.6698),
(@PATH, 71, 1, -7849.466, 1281.026, 343.6698),
(@PATH, 72, 0, -7849.506, 1281.356, 343.6678),
(@PATH, 72, 1, -7852.756, 1282.606, 343.6678),
(@PATH, 73, 0, -7852.733, 1282.449, 343.5143),
(@PATH, 73, 1, -7852.483, 1284.949, 343.5143),
(@PATH, 74, 0, -7852.773, 1285.102, 343.6006),
(@PATH, 74, 1, -7852.773, 1287.602, 342.8506),
(@PATH, 74, 2, -7853.023, 1288.102, 342.6006),
(@PATH, 74, 3, -7853.023, 1289.102, 342.3506),
(@PATH, 75, 0, -7852.843, 1287.856, 342.7813),
(@PATH, 75, 1, -7852.843, 1288.356, 342.5313),
(@PATH, 75, 2, -7853.093, 1289.356, 342.2813),
(@PATH, 75, 3, -7853.343, 1290.356, 342.0313),
(@PATH, 76, 0, -7853.176, 1290.543, 341.9164),
(@PATH, 76, 1, -7853.926, 1293.043, 341.4164),
(@PATH, 76, 2, -7854.676, 1295.543, 340.9164),
(@PATH, 77, 0, -7853.894, 1293.235, 341.3378),
(@PATH, 77, 1, -7855.144, 1295.485, 340.8378),
(@PATH, 77, 2, -7855.144, 1295.985, 340.5878),
(@PATH, 77, 3, -7855.394, 1296.235, 340.3378),
(@PATH, 78, 0, -7858.064, 1298.566, 339.204),
(@PATH, 79, 0, -7861.832, 1299.832, 339.098),
(@PATH, 79, 1, -7862.832, 1299.832, 339.098),
(@PATH, 79, 2, -7869.082, 1300.082, 339.098),
(@PATH, 80, 0, -7872.7, 1300.283, 339.0693),
(@PATH, 81, 0, -7879.479, 1300.216, 339.073),
(@PATH, 81, 1, -7880.229, 1300.216, 339.073),
(@PATH, 82, 0, -7889.34, 1300.198, 339.0655),
(@PATH, 82, 1, -7890.59, 1299.948, 339.0655),
(@PATH, 82, 2, -7891.34, 1299.948, 339.0655),
(@PATH, 82, 3, -7897.59, 1299.948, 339.0655),
(@PATH, 83, 0, -7897.804, 1299.84, 339.1321),
(@PATH, 83, 1, -7898.554, 1299.84, 338.8821),
(@PATH, 84, 0, -7902.775, 1298.211, 339.2245),
(@PATH, 85, 0, -7904.816, 1296.027, 340.1836),
(@PATH, 85, 1, -7904.816, 1295.777, 340.4336),
(@PATH, 85, 2, -7905.066, 1295.027, 340.6836),
(@PATH, 86, 0, -7905.234, 1294.952, 341.0644),
(@PATH, 86, 1, -7905.984, 1292.952, 341.3144),
(@PATH, 87, 0, -7906.662, 1290.195, 341.8576),
(@PATH, 87, 1, -7906.662, 1288.945, 342.1076),
(@PATH, 88, 0, -7907.012, 1288.794, 342.4825),
(@PATH, 88, 1, -7907.012, 1287.544, 342.7325),
(@PATH, 89, 0, -7907.24, 1285.355, 343.3094),
(@PATH, 89, 1, -7907.49, 1284.605, 343.5594),
(@PATH, 90, 0, -7908.333, 1281.45, 343.6683),
(@PATH, 90, 1, -7910.833, 1280.2, 343.6683),
(@PATH, 91, 0, -7913.539, 1278.746, 343.6693),
(@PATH, 91, 1, -7919.789, 1277.496, 343.6693),
(@PATH, 92, 0, -7920.508, 1277.366, 343.669),
(@PATH, 93, 0, -7920.43, 1277.572, 343.6688),
(@PATH, 93, 1, -7917.93, 1278.322, 343.6688),
(@PATH, 93, 2, -7912.18, 1278.822, 343.6688),
(@PATH, 94, 0, -7911.943, 1279.169, 343.6697),
(@PATH, 94, 1, -7909.943, 1279.419, 343.6697),
(@PATH, 95, 0, -7907.713, 1281.335, 343.6677),
(@PATH, 95, 1, -7907.713, 1282.835, 343.6677),
(@PATH, 96, 0, -7907.711, 1283.041, 343.4842),
(@PATH, 96, 1, -7907.711, 1284.541, 343.4842),
(@PATH, 97, 0, -7907.414, 1287.289, 342.8004),
(@PATH, 97, 1, -7907.414, 1288.539, 342.5504),
(@PATH, 98, 0, -7907.275, 1288.828, 342.3306),
(@PATH, 98, 1, -7907.025, 1290.328, 341.8306),
(@PATH, 99, 0, -7905.998, 1292.957, 341.2498),
(@PATH, 99, 1, -7905.248, 1294.707, 340.9998),
(@PATH, 100, 0, -7905.101, 1295.065, 340.8149),
(@PATH, 100, 1, -7904.601, 1295.565, 340.3149),
(@PATH, 101, 0, -7904.424, 1295.859, 340.3264),
(@PATH, 101, 1, -7902.674, 1297.859, 339.3264),
(@PATH, 101, 2, -7902.174, 1297.859, 339.3264),
(@PATH, 102, 0, -7898.123, 1299.602, 339.1022),
(@PATH, 102, 1, -7897.623, 1299.602, 339.1022),
(@PATH, 103, 0, -7893.447, 1299.979, 339.1096),
(@PATH, 103, 1, -7890.947, 1299.979, 339.1096),
(@PATH, 103, 2, -7890.447, 1300.229, 339.1096),
(@PATH, 103, 3, -7885.697, 1300.229, 339.1096),
(@PATH, 104, 0, -7880.868, 1300.439, 339.1487),
(@PATH, 105, 0, -7872.721, 1300.497, 339.1604),
(@PATH, 105, 1, -7868.221, 1300.497, 339.1604),
(@PATH, 106, 0, -7864.681, 1300.478, 339.1179),
(@PATH, 106, 1, -7864.431, 1300.478, 339.1179),
(@PATH, 106, 2, -7862.681, 1300.228, 339.1179),
(@PATH, 107, 0, -7862.512, 1300.163, 339.1481),
(@PATH, 107, 1, -7861.512, 1299.913, 338.8981),
(@PATH, 107, 2, -7857.762, 1299.163, 338.8981),
(@PATH, 108, 0, -7857.681, 1298.895, 339.1658),
(@PATH, 108, 1, -7857.431, 1298.895, 339.4158),
(@PATH, 109, 0, -7857.441, 1298.916, 339.1537),
(@PATH, 109, 1, -7857.191, 1298.916, 339.4037),
(@PATH, 109, 2, -7855.941, 1296.416, 340.1537),
(@PATH, 109, 3, -7855.691, 1296.416, 340.4037),
(@PATH, 109, 4, -7855.191, 1295.416, 340.9037),
(@PATH, 110, 0, -7855.726, 1296.428, 340.3796),
(@PATH, 110, 1, -7855.476, 1296.178, 340.6296),
(@PATH, 110, 2, -7854.976, 1295.178, 340.8796),
(@PATH, 110, 3, -7854.476, 1293.928, 341.1296),
(@PATH, 111, 0, -7854.446, 1293.805, 341.3173),
(@PATH, 111, 1, -7853.446, 1291.305, 341.8173),
(@PATH, 111, 2, -7852.946, 1289.305, 342.3173),
(@PATH, 112, 0, -7853.326, 1291.075, 342.068),
(@PATH, 112, 1, -7853.076, 1289.075, 342.318),
(@PATH, 112, 2, -7852.826, 1288.575, 342.568),
(@PATH, 113, 0, -7852.692, 1288.359, 342.7114),
(@PATH, 113, 1, -7852.692, 1285.609, 343.4614),
(@PATH, 113, 2, -7852.692, 1285.359, 343.4614),
(@PATH, 113, 3, -7852.442, 1283.609, 343.7114),
(@PATH, 114, 0, -7852.038, 1281.707, 343.6724),
(@PATH, 115, 0, -7849.188, 1279.958, 343.6695),
(@PATH, 115, 1, -7848.188, 1279.458, 343.6695),
(@PATH, 115, 2, -7840.688, 1277.958, 343.6695),
(@PATH, 116, 0, -7840.136, 1278.096, 343.6691),
(@PATH, 117, 0, -7845.959, 1280.024, 343.6698),
(@PATH, 117, 1, -7849.459, 1281.024, 343.6698),
(@PATH, 118, 0, -7849.51, 1281.358, 343.6678),
(@PATH, 118, 1, -7852.76, 1282.608, 343.6678),
(@PATH, 119, 0, -7852.722, 1282.444, 343.5143),
(@PATH, 119, 1, -7852.472, 1284.944, 343.5143),
(@PATH, 120, 0, -7852.774, 1285.328, 343.6006),
(@PATH, 120, 1, -7852.774, 1287.578, 342.8506),
(@PATH, 120, 2, -7853.024, 1288.078, 342.6006),
(@PATH, 120, 3, -7853.024, 1289.078, 342.3506),
(@PATH, 121, 0, -7852.843, 1287.844, 342.7848),
(@PATH, 121, 1, -7852.843, 1288.344, 342.5348),
(@PATH, 121, 2, -7853.093, 1289.344, 342.2848),
(@PATH, 121, 3, -7853.343, 1290.344, 342.0348),
(@PATH, 122, 0, -7853.175, 1290.533, 341.9188),
(@PATH, 122, 1, -7853.925, 1293.033, 341.4188),
(@PATH, 122, 2, -7854.925, 1295.533, 340.9188),
(@PATH, 123, 0, -7853.893, 1293.229, 341.3393),
(@PATH, 123, 1, -7855.143, 1295.479, 340.8393),
(@PATH, 123, 2, -7855.143, 1295.979, 340.5893),
(@PATH, 123, 3, -7855.393, 1296.229, 340.3393),
(@PATH, 124, 0, -7858.067, 1298.568, 339.2026),
(@PATH, 125, 0, -7861.847, 1299.837, 339.0979),
(@PATH, 125, 1, -7862.847, 1299.837, 339.0979),
(@PATH, 125, 2, -7869.097, 1300.087, 339.0979);

UPDATE `creature` SET `position_x`= -7918.184, `position_y`= 1278.201, `position_z`= 343.419, `orientation`= NULL, `spawndist`= 0, `MovementType`= 2 WHERE `guid`= @CGUID;
DELETE FROM `creature_addon` WHERE `guid`= @CGUID;
INSERT INTO `creature_addon` (`guid`, `waypointPathId`, `bytes2`) VALUES
(@CGUID, @PATH, 1);


















DELETE FROM `gameobject` WHERE `guid` BETWEEN @OGUID+0 AND @OGUID+6;
INSERT INTO `gameobject` (`guid`, `id`, `map`, `zoneId`, `areaId`, `spawnDifficulties`, `PhaseId`, `PhaseGroup`, `position_x`, `position_y`, `position_z`, `orientation`, `rotation0`, `rotation1`, `rotation2`, `rotation3`, `spawntimesecs`, `animprogress`, `state`, `VerifiedBuild`) VALUES
(@OGUID+0, 215648, 0, 1519, 6555, '0', 1686, 0, -7894.48974609375, 1354.6822509765625, 339.892852783203125, 0, 0, 0, 0, 1, 120, 255, 1, 55261), -- Medical Supply Crate (Area: Northern Elwynn Mountains - Difficulty: 0) CreateObject1
(@OGUID+1, 215648, 0, 1519, 6555, '0', 1686, 0, -7892.52783203125, 1354.90625, 338.81634521484375, 0, 0, 0, 0, 1, 120, 255, 1, 55261), -- Medical Supply Crate (Area: Northern Elwynn Mountains - Difficulty: 0) CreateObject1
(@OGUID+2, 215648, 0, 1519, 6555, '0', '23766 - 10335 - 10336 - 21820 - 6690 - 1706 - 20045 - 8389 - 10347 - 8658 - 7510 - 7434 - 21855 - 4064 - 16439 - 16440 - 4070 - 1139 - 11910 - 6481 - 1231 - 22154 - 16013 - 1686 - 1687', 0, -7893.98095703125, 1355.5555419921875, 338.81695556640625, 0, 0, 0, 0, 1, 120, 255, 1, 55261), -- Medical Supply Crate (Area: Northern Elwynn Mountains - Difficulty: 0) CreateObject1
-- (@OGUID+3, 216056, 0, 1519, 6555, '0', '23766 - 10335 - 10336 - 21820 - 6690 - 1706 - 20045 - 8389 - 10347 - 8658 - 7510 - 7434 - 21855 - 4064 - 16439 - 16440 - 4070 - 1139 - 11910 - 6481 - 1231 - 22154 - 16013 - 1686 - 1687', 0, -7879.80029296875, 1279.515625, 358.560516357421875, 4.728822231292724609, 0, 0, -0.70127296447753906, 0.712892889976501464, 120, 255, 1, 55261), -- Collision PC Size (Area: Northern Elwynn Mountains - Difficulty: 0) CreateObject1 - !!! might be temporary spawn !!!
(@OGUID+4, 215648, 0, 1519, 6555, '0', '23766 - 10335 - 10336 - 21820 - 6690 - 1706 - 20045 - 8389 - 10347 - 8658 - 7510 - 7434 - 21855 - 4064 - 16439 - 16440 - 4070 - 1139 - 11910 - 6481 - 1231 - 22154 - 16013 - 1686 - 1687', 0, -7892.501953125, 1353.515625, 338.827392578125, 0, 0, 0, 0, 1, 120, 255, 1, 55261), -- Medical Supply Crate (Area: Northern Elwynn Mountains - Difficulty: 0) CreateObject1
(@OGUID+5, 215648, 0, 1519, 6555, '0', '23766 - 10335 - 10336 - 21820 - 6690 - 1706 - 20045 - 8389 - 10347 - 8658 - 7510 - 7434 - 21855 - 4064 - 16439 - 16440 - 4070 - 1139 - 11910 - 6481 - 1231 - 22154 - 16013 - 1686 - 1687', 0, -7895.234375, 1354.65283203125, 338.831878662109375, 0, 0, 0, 0, 1, 120, 255, 1, 55261), -- Medical Supply Crate (Area: Northern Elwynn Mountains - Difficulty: 0) CreateObject1
(@OGUID+6, 215648, 0, 1519, 6555, '0', '23766 - 10335 - 10336 - 21820 - 6690 - 1706 - 20045 - 8389 - 10347 - 8658 - 7510 - 7434 - 21855 - 4064 - 16439 - 16440 - 4070 - 1139 - 11910 - 6481 - 1231 - 22154 - 16013 - 1686 - 1687', 0, -7893.88525390625, 1354.171875, 338.818756103515625, 0, 0, 0, 0, 1, 120, 255, 1, 55261); -- Medical Supply Crate (Area: Northern Elwynn Mountains - Difficulty: 0) CreateObject1
DELETE FROM `gameobject_addon` WHERE `guid` BETWEEN @OGUID+0 AND @OGUID+6;


UPDATE `creature_template` SET `BaseAttackTime`=2000, `unit_flags`=768, `unit_flags2`=2048 WHERE `entry`=55830; -- Nimm Codejack
UPDATE `creature_template` SET `unit_flags`=0, `unit_flags2`=2048 WHERE `entry`=64859; -- Sky Captain Callanan
UPDATE `creature_template` SET `BaseAttackTime`=2000, `unit_flags2`=2048 WHERE `entry`=64864; -- Airman Clifton
UPDATE `creature_template` SET `BaseAttackTime`=2000, `unit_flags2`=2048 WHERE `entry`=64860; -- Captain Kerwin
UPDATE `creature_template` SET `BaseAttackTime`=2000, `unit_flags`=768, `unit_flags2`=2048 WHERE `entry`=55823; -- Mishka
UPDATE `creature_template` SET `BaseAttackTime`=2000, `unit_flags2`=2048 WHERE `entry`=64862; -- Airman Ellis
UPDATE `creature_template` SET `BaseAttackTime`=2000, `unit_flags2`=2048 WHERE `entry`=64858; -- Airman Hicks
UPDATE `creature_template` SET `unit_flags`=33554432 WHERE `entry`=55370; -- General Purpose Bunny ZTO
UPDATE `creature_template` SET `BaseAttackTime`=2000, `unit_flags2`=2048 WHERE `entry`=64863; -- Sky Mage Harlan
UPDATE `creature_template` SET `unit_flags2`=2048 WHERE `entry`=32520; -- Totally Generic Bunny (All Phase)
UPDATE `creature_template` SET `BaseAttackTime`=2000, `unit_flags`=768, `unit_flags2`=2048 WHERE `entry`=55819; -- Sully "The Pickle" McLeary
UPDATE `creature_template` SET `BaseAttackTime`=2000, `unit_flags`=768, `unit_flags2`=2048 WHERE `entry`=55832; -- Nodd Codejack
UPDATE `creature_template` SET `unit_flags`=0, `unit_flags3`=16777217 WHERE `entry`=66473; -- Skyfire Gyrocopter
UPDATE `creature_template` SET `BaseAttackTime`=2000, `unit_flags`=768, `unit_flags2`=2048 WHERE `entry`=55825; -- Amber Kearnen
UPDATE `creature_template` SET `unit_flags`=0, `unit_flags2`=2048 WHERE `entry`=66300; -- Skyfire Marine
UPDATE `creature_template` SET `BaseAttackTime`=2000, `unit_flags2`=2048 WHERE `entry`=64866; -- Corporal Rasmussen
UPDATE `creature_template` SET `BaseAttackTime`=2000, `unit_flags2`=2048 WHERE `entry`=64861; -- Captain Day
UPDATE `creature_template` SET `npcflag`=3, `BaseAttackTime`=2000, `unit_flags`=256, `unit_flags2`=2048 WHERE `entry`=66292; -- Sky Admiral Rogers
UPDATE `creature_template` SET `unit_flags3`=16777216 WHERE `entry`=40789; -- Generic Controller Bunny (CSA)
UPDATE `creature_template` SET `BaseAttackTime`=2000, `unit_flags2`=2048 WHERE `entry`=64865; -- Airman Rogers
UPDATE `creature_template` SET `unit_flags`=0 WHERE `entry`=66460; -- Skyfire Gyrocopter Pilot
UPDATE `creature_template` SET `unit_flags`=0 WHERE `entry`=66480; -- Skyfire Engineer

UPDATE `creature_template_addon` SET `auras`='' WHERE `entry`=66300;

-- Creature text for Nodd Codejack <SI:7> 55832
DELETE FROM `creature_text` WHERE `CreatureID`=55832;
INSERT INTO `creature_text` (`CreatureID`, `GroupID`, `ID`, `Text`, `Type`, `Language`, `Probability`, `Emote`, `Duration`, `Sound`, `BroadcastTextId`, `TextRange`, `comment`) VALUES
(55832, 0, 0, '13 gyromantic destabilizers? Check. 10 gnumatic flangegrips? Check. Now where did I put my favorite wrench?', 12, 0, 100, 0, 0, 0, 67697, 0, 'Nodd Codejack <SI:7>'),
(55832, 1, 0, 'Only thirty gyrocopters? We are going to need way more than that before this is over.', 12, 0, 100, 0, 0, 0, 67699, 0, 'Nodd Codejack <SI:7>');
